:020000040800F2
:10000000780A0020490100085F300008B924000880
:100010005B300008E51400083955000800000000B6
:100020000000000000000000000000003D3D00084E
:10003000991A00080000000035320008A3420008A9
:100040006301000863010008630100086301000800
:1000500063010008630100086301000863010008F0
:1000600063010008630100086301000863010008E0
:1000700063010008630100086301000863010008D0
:1000800063010008630100086301000863010008C0
:1000900063010008630100086301000863010008B0
:1000A00063010008630100086301000863010008A0
:1000B00063010008454500085D450008630100082C
:1000C0006301000863010008630100086301000880
:1000D00063010008BD4F0008015000080D510008E1
:1000E0009D1A00086301000863010008630100080D
:1000F0006301000863010008630100086301000850
:10010000630100086301000863010008630100083F
:1001100063010008814F000875450008630100086D
:10012000630100086301000863010008630100081F
:10013000DFF810D000F04EFD00480047517F000866
:10014000AFF30080780A0020064880470648004741
:10015000FEE7FEE7FEE7FEE7FEE7FEE7FEE7FEE777
:10016000FEE7FEE7A5420008310100082DE9F04155
:100170000024061B254671F1000605DA012400273C
:10018000D0EB070067EB0101161E73F1000605DADC
:100190000027D2EB0702012567EB030300F08EFB7B
:1001A00086460E4617469C46AC4204D00025D0EB4E
:1001B000050E65EB010624B10020D2EB000760EBD1
:1001C000030C704631463A466346BDE8F08140EA8A
:1001D00001039B0703D009E008C9121F08C0042AC5
:1001E000FAD203E011F8013B00F8013B521EF9D2AC
:1001F0007047D2B201E000F8012B491EFBD27047D4
:100200000022F6E710B513460A4604461946FFF7E2
:10021000F0FF204610BD421E12F8013F002BFBD11B
:1002200011F8013B02F8013B002BF9D17047421C49
:1002300010F8011B0029FBD1801A704730B5044625
:100240000020034600E05B1C934203D2E05CCD5CDF
:10025000401BF8D030BDF0B480EA0102D40F420058
:10026000B2EB410F02D20246084611464A0042D084
:10027000C30DDDB2C1F3C752AD1A202D35DAC1F37B
:10028000160141F4000204B15242C5F1200602FAFF
:1002900006F12A411044B3EBD05F23D0C4B1012D45
:1002A000A0EBC35009DCF0BC4FF0004202EAC3529D
:1002B000DBB200F5000000F0BABB400000F1807036
:1002C00000EBC350A0F1807040EAD170490009E012
:1002D000490841EAC071A0EBC35000F50000400896
:1002E00000EBC350F0BC00F099BB6142012202EB6D
:1002F0004101001BF6E7F0BC704781F00041AAE71E
:1003000080F00040A7E780EA010210B502F0004348
:10031000400022D04A001FD0010E01EB1261C0F351
:100320005600C2F3560240F4000042F40002A0FB63
:10033000022000047F39140400D0401C50EA12400F
:1003400001D44000491EC2B20C0604EBD010401C80
:100350004008802A02D003E0002010BD20F00100F8
:10036000002900DA0020184310BD30B480EA0102F1
:1003700002F0004530F0004221F0004013D090B16F
:10038000C30DD40DC2F31601C0F31600E41A41F4F4
:10039000000140F400027D34914201D3641C00E06E
:1003A0004900002C02DA30BC002070474FF40000F6
:1003B0000023914201D3891A034340084FEA4101C7
:1003C000F7D151B1914202D14FF0004105E002D284
:1003D0004FF0010101E06FF0010103EBC45028442C
:1003E00030BC00F01BBB2DE9FE4F804681EA0300C4
:1003F000C00F0C46009021F0004123F00045B8EBFF
:100400000200A94105D24046214690461C460B46B3
:10041000024623F00040104347D0270DC7F30A00DF
:10042000C3F30A510290401A019040286BDAC3F3DB
:10043000130040F4801B0098924620B10023D2EBB9
:10044000030A63EB0B0B01985946C0F1400250467A
:1004500000F065FA06460D4650465946019A00F0EE
:100460007DFA10EB08006141002487EA115284EA0A
:10047000E7731A4340D0009A62B3019A012A4FEA07
:10048000075215DC001B61EB02014FF0004202EA4B
:100490000752CDE90042001C41F5801132462B463F
:1004A00000F002FB03B0BDE8F08F40462146F9E7BB
:1004B000001B61EB0201001C41F5801300185B4139
:1004C0002018A2F5001747EB030140EAD570B619D2
:1004D0006D4111E06D084FEA360645EAC0754FEAF6
:1004E0000752001B61EB0201001C41F58011490815
:1004F0004FEA30000019514132462B4603B0BDE8A7
:10050000F04F00F0C2BA0098012240000023D0EB67
:10051000020263EBE073009821464FEAE074B8EB07
:10052000000061EB0401E9E783F000435BE781F041
:10053000004158E72DE9FE4F81EA030404F000442E
:1005400021F0004100944FF0000B23F0004350EAEB
:1005500001045ED052EA03045BD0C3F30A54C1F332
:100560000A552C44A4F2F3340194A0FB0254C1F3C5
:10057000130141F48011C3F3130343F4801301FB0F
:10058000024400FB034E840A970A44EA815447EA76
:100590008357A4FB076802958D0A05FB07854FEA80
:1005A000932C04FB0C542705029D4FEA065847EA9A
:1005B0001637B5EB08056EEB070C870E920E47EA6F
:1005C000811742EA8312A7FB0201B6EB0B0164EB31
:1005D00000042B0D43EA0C335E1844EB1C50DA4642
:1005E0005146E7FB0201C5F313044FEA0B3343EA1C
:1005F00014534FEA0432019C43EA0603A4F10C04AD
:100600000294009CCDE900B400F04EFA03B0BDE8BE
:10061000F08F00200146F9E72DE9F04D81EA03044F
:1006200004F0004B21F0004514464FF0000A23F07F
:10063000004150EA050220D054EA01021DD0C5F362
:100640000A570246C5F31303C1F31300C1F30A5658
:1006500040F4801543F48013A7EB0608101BD64620
:1006600008F2FD3873EB050002D308F1010801E040
:1006700092185B41B8F1000F03DA00200146BDE893
:10068000F08D00204FF48011064684460EE0171BC3
:1006900073EB050705D3121B63EB050306434CEA16
:1006A000010C49084FEA300092185B4150EA0107FB
:1006B000EDD152EA030012D082EA040083EA050178
:1006C000084305D0101BAB4106D20122002306E0EF
:1006D00000224FF0004302E06FF0010253101AEBCA
:1006E00006004CEB085110EB0A0041EB0B01BDE892
:1006F000F04D00F0CAB9C10F80EAE0700844CA07A3
:100700009623002100F093B996230022114600F0B1
:100710008EB90EB5C10F80EAE0700844CA07002107
:1007200040F233438DE80E000A460B4600F0BCF958
:1007300003B000BD0EB540F2334102910021CDE976
:1007400000110A460B4600F0AFF903B000BD00F0FF
:10075000004220F00040C10DC0F3160040F400003C
:100760007F2901DA00207047962903DCC1F1960148
:10077000C84001E096398840002AF4D040427047D2
:1007800020F00040C10DC0F3160040F400007F29A6
:1007900001DA00207047962903DCC1F19601C840B8
:1007A0007047963988407047C1F30A5210B5C1F3BB
:1007B000130140F2FF3341F480119A4201DA002024
:1007C00010BD40F233439A42A2F2334203DC52425C
:1007D00000F0B4F810BD904010BD00F0004230F0C1
:1007E00000400AD0C10D01F56071C0F3160042EA65
:1007F0000151C2084007114370470020014670476D
:1008000030B5041E71F1000404DB4FF00044404297
:1008100064EB0101141E73F1000405DB1C464FF06C
:100820000043524263EB04038B4208BF824230BD57
:1008300001F0004330B421F0004150EA010206D03B
:100840000A0DA2F56072C1F31301002A02DC30BC6C
:1008500000207047440F44EAC104C100E01830BCD6
:1008600000EBC25000F0DAB8002801DBC0F1004014
:10087000002901DBC1F1004181427047002801DB02
:10088000C0F10040002901DBC1F1004188427047FE
:1008900030B50B46014600202022012409E021FA50
:1008A00002F59D4205D303FA02F5491B04FA02F54D
:1008B0002844151EA2F10102F1DC30BD2DE9F05FE4
:1008C0000546002092469B468846064681464024BF
:1008D0001BE0284641464746224600F02FF8534683
:1008E0005A46C01A914110D311461846224600F0CC
:1008F00016F82D1A67EB01084F4622460120002109
:1009000000F00DF817EB00094E41201EA4F1010480
:10091000DFDC484631462A464346BDE8F09F202AA0
:1009200004DB203A00FA02F1002070479140C2F146
:10093000200320FA03F3194390407047202A04DB78
:10094000203A21FA02F00021704721FA02F3D04048
:10095000C2F120029140084319467047202A06DB65
:10096000CB17203A41FA02F043EAE07306E041FA7D
:1009700002F3D040C2F1200291400843194670476B
:100980000FB4002300B589B00CA900910B996FF04A
:100990000042CB601E4B06931E4B07930423CDE908
:1009A00001321D4A089202466B46002000F0BEF953
:1009B00009B05DF814FB70B586B006464FF0FF3005
:1009C0000091CDE90101002015460C460490324605
:1009D000694604A8FFF7D4FF02460498211825B100
:1009E00008B1084600E020462860049800280DD091
:1009F000002A02DD0098884208D0081B0094CDE947
:100A000001043246694604A8FFF7BAFF06B070BD7C
:100A1000650F0008830F0008F90B00080029A8BF24
:100A20007047401C490008BF20F00100704710B417
:100A3000B0FA80FC00FA0CF050EA010404BF10BCCC
:100A4000704749B1CCF1200421FA04F411FA0CF1F9
:100A500018BF012121430843A3EB0C01CB1D4FEA32
:100A600000614FEA102042BF002010BC704700EB2D
:100A7000C35010440029A4BF10BC7047401C49005B
:100A800008BF20F0010010BC704710B5141E73F1B0
:100A9000000408DA401C41F1000192185B411A433E
:100AA00001D120F0010010BD2DE9F04D92469B468A
:100AB00011B1B1FA81F202E0B0FA80F22032904630
:100AC000FFF72DFF04460F4640EA0A0041EA0B01FA
:100AD00053465A46084313D0114653EA010019D031
:100AE000C8F140025046FFF729FF05460E46504622
:100AF00059464246FFF713FF084305D0012004E0A2
:100B000020463946BDE8F08D0020054346EAE076F0
:100B10002C4337430A986305E40AA0EB080000223F
:100B2000FD0A44EA47540A3002D500200146E9E7AD
:100B3000010510196941DDE9084500196941BDE861
:100B4000F04DA2E770B521F0004303430CD0C1F390
:100B50000A550024D5EB040564EB0403D617AD1A3F
:100B6000B34102DB0020014670BD201841EB025169
:100B700070BDC1F30A52C1F3130140F2FF3341F4D7
:100B800080119A4202DA00200146704740F2334356
:100B90009A42A2F2334202DC5242FFF7CFBEFFF785
:100BA000BEBE000030B5041E71F1000404DB4FF03E
:100BB0000044404264EB0101141E73F1000405DBA4
:100BC0001C464FF00043524263EB0403994208BFB6
:100BD000904230BD064C074D06E0E06840F001034E
:100BE00094E8070098471034AC42F6D3FFF7A4FA14
:100BF000F8A1000818A20008C0B24FF4F05100F0AC
:100C000023BA00002DE9FF4F087883B09946FF28EA
:100C100005D0491C2D2804D00024002008E0002025
:100C20000BE00124F9E700EB800003EB4000491CD6
:100C30000B78FF2BF7D104B14042002302931478C4
:100C400019461D462D2C01D02B2C04D1521C2D2CC5
:100C500013D000240294AA461478FF2C0FD00A2542
:100C6000A3FB057801FB05814FF0000C03FB0C1181
:100C7000521CE3194AEB0101EEE70124EAE7814443
:100C800053EA010002D019F5C87F06DA0398002163
:100C9000C0E9001107B0BDE8F08F0025AE4E2F4629
:100CA000DFF8B882184600F0E3F9CDE90001B9F1A8
:100CB000000002DAC9F1000400E004460023A74A5C
:100CC0001AEB030B42EB045A12E0E00707D02A4666
:100CD000334638464146FFF72DFC074688462A46EC
:100CE000334610461946FFF725FC05460E466410AC
:100CF000002CEAD1DDE90001B9F1000F5A46534654
:100D000006DAFFF789FC3A464346FFF785FC05E023
:100D1000FFF710FC3A464346FFF70CFC029A0AB173
:100D200081F00041039AC2E90001B3E72DE9FF4FCA
:100D30001F468DB0D7E901464FF0FF382E204546BB
:100D40004FF000090B90B9696D1C0E988847396AFD
:100D5000824688470028F6D1BAF1FF3F0AD024F432
:100D6000D064002E11DDBAF12B0F08D0BAF12D0F8F
:100D70000BD102E0404611B08DE744F48064B969BC
:100D80006D1C0E9888478246761E6946600501D51F
:100D90002D2000E02B208DF8000001F1010B0DF15A
:100DA000200809E0B9696D1C0E98884782460F98A3
:100DB00044F40074761E0560002E02DDBAF1300F97
:100DC000F0D00B998A453ED144F0800406E00F999B
:100DD000681CA9F1010944F400740860B9696D1C2C
:100DE000761E0E98884782463028F0D02BE00B996B
:100DF0008A4505D1200603D444F08004761E18E00D
:100E0000504604F0DBFD08B30DF11301761E44F4E7
:100E100000748B4508D2AAF130000BF8010B2006B4
:100E200007D5A9F1010003E0200602D409F1010071
:100E30008146A00502D50F99681C0860B9696D1C30
:100E40000E9888478246002ED1DC53E0002E51DDFB
:100E5000BAF1650F02D0BAF1450F4BD1A00549D5C3
:100E6000B9696D1C24F44074761E0E98884782463A
:100E7000002E0CDD2B2804D0BAF12D0F07D144F43D
:100E80008074B9696D1C0E9888478246761EE0050D
:100E900001D52D2100E02B2108F8011BCDF82C8075
:100EA00021E00DF12901761E44F4007488450CD22E
:100EB000AAF1300010F0FF0088F8000002D10B9971
:100EC000884509D908F1010806E0E00501D5244864
:100ED00001E042F20F708146B9696D1C0E98884797
:100EE00082460F980560002E04DD504604F066FD32
:100EF0000028D6D1F9690E988847FF208BF80000AA
:100F000088F800000020069007904B466A4608A922
:100F100006A8FFF777FEA00502D46FF001002AE7CC
:100F200014F0240F0AD0E00714D1DDE90612386866
:100F3000031D3B600068C0E900120BE0DDE906011B
:100F4000FFF776FC0146E00704D13868021D3A60DD
:100F50000068016028460EE7000014400000F03FE2
:100F6000F1D8FFFF426842B1016811F8013B23B19B
:100F7000521EC0E90012184670470121C160881E48
:100F8000704742685AB1C368016843B983688B42AD
:100F900005D0491E521CC0E90012002070474FF0D6
:100FA000FF3070472DE9F04D00231A461B1A8A4185
:100FB00003DB00200146BDE8F08DC1F30A52C1F306
:100FC000130141F480154FF0000BD10702D1001836
:100FD0006D41521E0027044640F2FF11384601EBD6
:100FE000620A3E468046024600204FF48011FFF719
:100FF000A5FCC2197141BB1846EB0100B4EB030C10
:1010000075EB000C04D3E41A65EB000517460E4699
:10101000241908F101006D4180463428E3DDF919F7
:1010200046EB0600091BA84103D24FF0FF321346DE
:1010300001E0002213461BEB070046EB0A51BDE816
:10104000F04DFFF722BD00007F2801D9002208E003
:10105000064A02EB5002C007127800D1120902F0D2
:101060000F020120904008407047000068A100086E
:101070000EB540F2334202920022CDE9002213461F
:10108000FFF712FD03B000BD70B58C1810F8015BBE
:1010900015F0070301D110F8013B2A1106D110F811
:1010A000012B03E010F8016B01F8016B5B1EF9D115
:1010B0002B0705D40023521E0DD401F8013BFAE79B
:1010C00010F8013BCB1A921C03E013F8015B01F806
:1010D000015B521EF9D5A142D8D3002070BD21B1C9
:1010E000826842F00102826003E0826822F001021D
:1010F0008260704710B504461248844208D101212D
:10110000401502F0C5FB0021601502F0C1FB17E09D
:101110000D48844208D10121001502F0B9FB0021DD
:10112000201502F0B5FB0BE00848844208D10121EC
:10113000C80302F0ADFB00214FF4004002F0A8FB11
:1011400010BD00000024014000280140003C014087
:10115000014600208A6802F004020AB1012000E082
:10116000002070470146C86C80B2704702460020DC
:1011700013680B400BB1012000E0002070470146CE
:1011800000208A6802F008020AB1012000E0002075
:101190007047000030B502460020002350680F4C15
:1011A00020400D790C6844EA052420435060906883
:1011B0000B4C2040D1E902542C434D7944EA4504BC
:1011C00020439060D06A20F470000C7C641EE4B26E
:1011D000234340EA0350D06230BD0000FFFEF0FF21
:1011E000FDF7F1FFF0B504460D4600200021092D62
:1011F00011DDE068A5F10A0606EB4607072606FAA8
:1012000007F18843A5F10A0606EB460603FA06F144
:101210000843E0600CE0206905EB4507072606FA65
:1012200007F1884305EB450603FA06F10843206100
:10123000072A0FDA606B561E06EB86071F2606FA92
:1012400007F18843561E06EB860605FA06F10843A9
:10125000606322E00D2A0FDA206BD61F06EB8607AB
:101260001F2606FA07F18843D61F06EB860605FA05
:1012700006F10843206310E0E06AA2F10D0606EBD8
:1012800086071F2606FA07F18843A2F10D0606EB32
:10129000860605FA06F10843E062F0BD816841F078
:1012A00008018160704721B1826842F4A002826027
:1012B00003E0826822F4A00282607047816841F0F6
:1012C000040181607047000008B50121102002F080
:1012D000CFFA4FF47070ADF8000018208DF80300BD
:1012E00003208DF802006946014800F04FFD08BD5B
:1012F0000010014030B587B005460C460121480377
:1013000002F0B6FA254803F0F9F9681E80B2ADF88C
:101310001400ADF810400020ADF81600ADF8120032
:1013200004A91E4803F002FD6020ADF80000012072
:10133000ADF802000020ADF80600ADF808006946DF
:10134000164803F069FB6946144803F0BBFB694685
:10135000124803F017FC6946104803F06DFC0121A8
:101360000E4803F0BBF908210C4803F0A1FB08214B
:101370000A4803F0F9FB0821084803F053FC082150
:10138000064803F097FC0121044803F089F9012184
:10139000024803F097F907B030BD00000034014067
:1013A0002DE9FC5F04460D4617480068FFF7A3F9D6
:1013B00080462146FEF7A1FF064629460020FEF79B
:1013C0009CFF0190114801680198FEF79CFF82463E
:1013D0000F49FEF7CAFF81460E48006880F0004BB7
:1013E0000B495846FEF7C1FF82463146FEF78BFF98
:1013F00049460090FEF781FF8046FFF7A8F90746AF
:101400003846BDE8FC9F000020000020E4000020DA
:101410000000C842E000002070B504464FF47A7521
:101420000723012221460B48FFF7DCFE0121094872
:10143000FFF739FF00BF02210648FFF797FE20B9EA
:10144000281EA5F101018DB2F5D10248FFF78AFEF1
:1014500070BD00000024014000B587B001214FF4A9
:10146000017002F005FA4FF4004002F0D5F9202097
:10147000ADF8040000208DF8070001A9174800F01E
:1014800085FC1748FFF736FE002002908DF80C000F
:101490008DF80D004FF4602004900020059001208D
:1014A0008DF8180002A90E48FFF774FE01210C48C0
:1014B000FFF715FE0A48FFF7F1FE00BF0848FFF7E7
:1014C0005EFE0028FAD10648FFF7F8FE00BF044888
:1014D000FFF73EFE0028FAD107B000BD000801402A
:1014E0000024014000BFFEE72DE9F0478648006870
:1014F00001287DD185480468854805688549864866
:101500000068FEF732FF8549086085480068854914
:10151000086085480068FFF70DF906460022834BF6
:10152000FFF77AF88146FFF783F98046502180481B
:10153000FEF766FE7E487FA1096801600A217E48A9
:10154000FEF75EFE7D4800210160416001810A21B5
:101550007B48FEF755FE7B48002101604160018118
:101560000A217948FEF74CFE78480021016041606D
:10157000018177492046FFF777F90FD87549204652
:10158000FFF77CF90AD82046FFF727F906463246CE
:101590000B4671A1684804F0A3F801E0BDE8F087AC
:1015A0006B492846FFF760F90FD86A492846FFF7CC
:1015B00065F90AD82846FFF710F9064632460B4669
:1015C00065A15E4804F08CF800E0E7E76449534801
:1015D0000068FFF753F913D2624950480068FFF7DB
:1015E00043F90DD24D480068FFF7F7F8064600E0D2
:1015F00088E032460B4658A1514804F071F800E0EB
:10160000CCE7594947480068FFF738F911D25749E4
:1016100044480068FFF728F90BD242480068FFF7FA
:10162000DCF8064632460B464BA1464804F058F813
:1016300000E0B3E700214046FFF720F90FD84B49FF
:101640004046FFF711F90AD24046FFF7C6F80646B2
:1016500032460B4640A13C4804F042F800E09DE7CA
:10166000002143480068FFF709F911D84149404873
:101670000068FFF7F9F80BD23D480068FFF7ADF8B6
:10168000064632460B4634A1304804F029F800E003
:1016900084E729492648FEF7BEFD37A12448FEF716
:1016A000BAFD26492248FEF7B6FD34A12048FEF7D0
:1016B000B2FD23491E48FEF7AEFD31A11C48FEF7DE
:1016C000AAFD20491A48FEF7A6FD2EA11848FEF7EC
:1016D000A2FD1D491648FEF79EFD2CA11448FEF7F9
:1016E0009AFD1A491248FEF796FD29A11048FEF707
:1016F00092FD50212748FEF783FD50220C492548D2
:10170000FEF765FD00BF49E734020020D800002045
:10171000DC0000200000C8421C00002080020020E5
:1017200008000020840200207C02002000002440E9
:10173000A8040020244C5600480500205205002033
:101740005C05002066050020700500207A05002059
:1017500000007A4400007AC425332E32660000006F
:101760000000FAC40000FA4400401CC600401C46B9
:10177000D00000200000A0412C5256002C41430014
:101780002C4759002C435342000000002C565400B3
:1017900023000000F8040020002004E00021074A94
:1017A0001154411CC8B2064909788842F6DB002072
:1017B0000349087003490870704700007E04002048
:1017C00027020020260200202DE9F05F05460C4686
:1017D000124E134801682046FEF795FD83461148D6
:1017E00001685846FEF737FD804631464FF07E507F
:1017F000FEF783FD82464146FEF785FD07463146EA
:101800002846FEF780FD81463946FEF724FD05494E
:10181000086008460068BDE8F09F00000AD7A33CB6
:1018200048010020880100202DE9F05F05460C46A4
:10183000124E134801682046FEF765FD83461148A5
:1018400001685846FEF707FD804631464FF07E504E
:10185000FEF753FD82464146FEF755FD07463146E9
:101860002846FEF750FD81463946FEF7F4FC05494F
:10187000086008460068BDE8F09F00000AD7A33C56
:1018800048010020C801002038B5002000906B46B8
:1018900001227521682006F07DFA2CA003F010FFCC
:1018A0009DF8000068280ED000BF3148006800F4A1
:1018B000E06030490843001D2D490860BFF34F8F99
:1018C00000BF00BFFEE706F0B3FC00283CD1782043
:1018D00007F0B8FA10B91DA003F0F2FE782006F068
:1018E00095FB10B924A003F0EBFEC82007F05CFACA
:1018F00010B92BA003F0E4FE05F0C2FA10B932A033
:1019000003F0DEFE3D4806F0E7FA044605F012FD5E
:1019100010B93BA003F0D4FE40F2731005F058F963
:1019200010B941A003F0CCFEC82005F033FC10B97B
:1019300047A003F0C5FE07F0C5FB012007F030F912
:1019400010B94CA003F0BCFE38BD00006D70755F8F
:101950007365745F73656E736F7220636F6D706C07
:10196000657465202E2E2E2E2E2E0D0A00000000EE
:101970000CED00E00000FA056D70755F636F6E6638
:1019800069677572655F6669666F20636F6D706CFD
:10199000657465202E2E2E2E2E2E0D0A00000000BE
:1019A0006D70755F7365745F73616D706C655F7288
:1019B00061746520636F6D706C657465202E2E2ECA
:1019C0002E2E2E0D0A000000646D705F6C6F616436
:1019D0005F6D6F74696F6E5F6472697665725F6662
:1019E00069726D7761726520636F6D706C65746587
:1019F000202E2E2E2E2E2E0D0A000000A4000020D8
:101A0000646D705F7365745F6F7269656E74617425
:101A1000696F6E20636F6D706C657465202E2E2E5D
:101A20002E2E2E0D0A000000646D705F656E6162DF
:101A30006C655F6665617475726520636F6D706C4F
:101A4000657465202E2E2E2E2E2E0D0A000000000D
:101A5000646D705F7365745F6669666F5F726174F1
:101A60006520636F6D706C657465202E2E2E2E2E92
:101A70002E0D0A006D70755F7365745F646D705F25
:101A8000737461746520636F6D706C657465202E6E
:101A90002E2E2E2E2E0D0A00704700002DE9F0414B
:101AA0002D480068002855D14FF480502B4908601C
:101AB0002B48007800F048FA002002F091F88046A8
:101AC000012002F08DF847423946404600F07CFC88
:101AD0002448016824480068FFF762FC0446394640
:101AE000404603F02BFD05462048006803F0B2F99C
:101AF0000646601930441E4908606019801B1D4964
:101B000008601B48006801F0EDFA1949086019489F
:101B1000006801F0E7FA17490860174A5142144873
:101B2000006801F0ECFA12490860134A514211486A
:101B3000006801F0E4FA0F490860104801680A489B
:101B4000006803F04FF928B90A480168084800689E
:101B500002F0F2FABDE8F0813001214214040140A4
:101B60000000002008000020040000200C000020DD
:101B70001000002014000020D8F5FFFFD000002046
:101B8000002123498279002A3AD00A461268036864
:101B90009A430B461A600A1D126803689A430B1D8C
:101BA0001A60027911440A6803681A430A60184AE5
:101BB0000832126803689A43154B08331A601A1DDD
:101BC000126803689A43124B0C331A604279102A48
:101BD0000ED11A1F126803681A430D4B08331A609E
:101BE0001A1D126803681A43094B0C331A600DE082
:101BF0000749427911440A6803681A430A6005E0FC
:101C0000027911440A6803689A430A607047000029
:101C10000004014000B587B00121022001F008FE58
:101C20000121042001F024FEC020ADF800000420B2
:101C30008DF8030069461C4800F0A8F804A803F0DA
:101C4000C7F80020ADF810004FF6FF70ADF8140093
:101C50000020ADF81600ADF8120004A9134803F0F7
:101C600065F800231A460321104802F03BFE01A844
:101C700002F0C0FE0A20ADF80C0001A90B4802F0EA
:101C800063FE0121094802F017FD012211460748B1
:101C900002F0B9FE0021054803F019F801210348BC
:101CA00002F010FD07B000BD000801400004004034
:101CB00000B587B00121042001F0BAFD0121082000
:101CC00001F0D6FDC020ADF8000004208DF803001F
:101CD00069461C4800F05AF804A803F079F800207F
:101CE000ADF810004FF6FF70ADF814000020ADF80D
:101CF0001600ADF8120004A9134803F017F80023EA
:101D00001A460321104802F0EDFD01A802F072FE10
:101D10000A20ADF80C0001A90B4802F015FE0121C4
:101D2000094802F0C9FC01221146074802F06BFE87
:101D30000021054802F0CBFF0121034802F0C2FC5C
:101D400007B000BD000C01400008004030B5002283
:101D50008B071C0F0F2303FA04F20B4B8C1053F864
:101D600024309343084C8D1044F8253023468C10C2
:101D700053F824308C07240F00FA04F42343024C58
:101D80008D1044F8253030BD080001402DE9F041A8
:101D9000024600250026002000230024002791F899
:101DA00003C00CF00F0591F803C00CF0100CBCF14F
:101DB000000F03D091F802C04CEA050591F800C06D
:101DC000BCF1000F31D0146800202BE04FF0010C63
:101DD0000CFA00F3B1F800C00CEA03069E4220D1D1
:101DE00083004FF00F0C0CFA03F7BC4305FA03FC19
:101DF0004CEA040491F803C0BCF1280F06D14FF05F
:101E0000010C0CFA00FCC2F814C00AE091F803C0FF
:101E1000BCF1480F05D14FF0010C0CFA00FCC2F8E0
:101E200010C0401C0828D1D31460B1F800C0BCF128
:101E3000FF0F34DD546800202EE000F1080C4FF055
:101E4000010808FA0CF3B1F800C00CEA03069E4240
:101E500021D183004FF00F0C0CFA03F7BC4305FAB5
:101E600003FC4CEA040491F803C0BCF1280F05D12F
:101E700000F1080C08FA0CF8C2F8148091F803C0BD
:101E8000BCF1480F07D100F1080C4FF0010808FA27
:101E90000CF8C2F81080401C0828CED35460BDE86E
:101EA000F0810000F0B50A4600230024002100253F
:101EB00000F00046B6F1004F02D11D4EF16901E07D
:101EC0001B4E7168C0F3034583B200F44016B6F5AB
:101ED000401F08D121F07061154E766826F07066BB
:101EE000134F7E6012E000F48016B6F5801F06D115
:101EF000032606FA05F4A14341F0706106E0460DA1
:101F0000360103FA06F6B14341F0706122B1460D85
:101F1000360103FA06F6314300F00046B6F1004FF1
:101F200002D1034EF16101E0014E7160F0BD00008D
:101F3000000001400246002093680B400BB10120D5
:101F400000E00020704700002DE9F04F91B080467E
:101F500001F062FEF6490860B8F1010F1BD101F0F3
:101F600011FDF4480068F4490860F449B1F9000033
:101F7000FEF7C1FBF2490860F049B1F90400FEF731
:101F8000BAFBF0490860F049B1F90400FEF7B3FB71
:101F9000EE490860C8E14421D02000F08FFA834662
:101FA0004321D02000F08AFA0BEB00200990FEF7C5
:101FB000A2FB06464621D02000F080FA8346452148
:101FC000D02000F07BFA0BEB00200990FEF793FB8A
:101FD0000A904821D02000F071FA83464721D02092
:101FE00000F06CFA0BEB00200990FEF784FB07462B
:101FF0003C21D02000F062FA83463B21D02000F043
:102000005DFA0BEB00200990FEF775FB0D903E2169
:10201000D02000F053FA83463D21D02000F04EFA44
:102020000BEB00200990FEF766FB0E904021D020BC
:1020300000F044FA83463F21D02000F03FFA0BEB3A
:1020400000200990FEF757FB05463846FEF77FFB58
:1020500000B209900A98FEF77AFB00B20890304669
:10206000FEF775FB0FFA80FB2846FEF770FB00B207
:1020700007900E98FEF76BFB00B206900D98FEF7E6
:1020800066FB00B20590DDE908015B46CDE9000181
:1020900005A807C807F0D8F84FF08E413046FEF784
:1020A000EDFB05D24FF08F413046FEF726F906468C
:1020B0004FF08E410A98FEF7E1FB05D24FF08F41B9
:1020C0000A98FEF71AF90A904FF08E413846FEF74B
:1020D000D5FB05D24FF08F413846FEF70EF9074683
:1020E0004FF08E410D98FEF7C9FB05D24FF08F419E
:1020F0000D98FEF702F90D904FF08E410E98FEF705
:10210000BDFB05D24FF08F410E98FEF7F6F80E900A
:102110004FF08E412846FEF7B1FB05D24FF08F41BC
:102120002846FEF7EAF8054686F000408449086034
:102130000D98FEF752FB864A864BCDE90601FEF765
:102140006BFACDE90801FEF773FB82460E98FEF7A5
:1021500044FB7F4A7F4BCDE90601FEF75DFACDE9EE
:102160000801FEF765FB10902846FEF736FB784A1B
:10217000784BCDE90601FEF74FFACDE90801FEF7ED
:1021800057FB0F903046FEF728FB4FF06632724B3C
:10219000CDE90601FEF740FACDE90801FEF748FB5C
:1021A00081460A98FEF719FB4FF066326A4BCDE97B
:1021B0000601FEF731FACDE90801FEF739FB0446C6
:1021C00066480078022837D189F000400246039023
:1021D000DDE90F1000F0BCFB8346FEF7FEFA604A13
:1021E000604BCDE90401FEF717FA00225E4BCDE902
:1021F0000601FEF79FF9CDE90801FEF719FB4D49ED
:102200000860224650460F9900F0FEFC8346FEF718
:10221000E4FA534A534BCDE90401FEF7FDF90022DD
:10222000514BCDE90601FEF785F9CDE90801FEF72E
:10223000FFFA4E4908606FE04848007803286BD1E8
:102240002846FEF7CAFACDE902010E98FEF7C5FA54
:10225000CDE90001DDE9022304F0F8F90022424B48
:10226000CDE90401FEF766F93D4A3E4BCDE9060192
:10227000FEF7D2F9CDE90801FEF7DAFA0C9028460C
:10228000FEF7ABFACDE902010D98FEF7A6FACDE90B
:102290000001DDE9022304F0D9F90022324BCDE937
:1022A0000401FEF747F92E4A2E4BCDE90601FEF751
:1022B000B3F9CDE90801FEF7BBFA0B903046FEF703
:1022C0008CFA4FF066322A4BCDE90601FEF7A4F9ED
:1022D000CDE90801FEF7ACFA834659460C98FFF7A2
:1022E00073FA80F00040134908600A98FEF775FA07
:1022F0004FF066321E4BCDE90601FEF78DF9CDE9B0
:102300000801FEF795FA834659460B98FFF78CFAB9
:1023100080F00040154908600648006806490860DA
:10232000084807600948056011B0BDE8F08F00005B
:10233000180000208C0000200400002078000020FD
:10234000080000200C0000207E0000201C0000205F
:102350008FC2F5285C1F9A40665E8D400000002009
:10236000F1D4C853FB21094000806640880000205A
:102370006666304010B500F011F804460349204667
:10238000FDF7C1FF0446204610BD0000C3F58040A4
:1023900001480078704700002702002070B5052032
:1023A000FFF73AF805462846FEF7AEF90646034918
:1023B000FDF7A9FF0446204670BD00003333533AB1
:1023C000004870477E0400202DE9F04F87B0834617
:1023D0008A465846FEF79DF900222E4BCDE90001B2
:1023E000FEF7A8F8064600222B4BFEF715F98046AB
:1023F00000222A4BFEF710F904460022284BFEF774
:102400000BF9CDE90201FEF713FA05900598FEF7E6
:10241000E4F98046234A244BFEF78CF80646002256
:10242000224BFEF787F80446FEF702FA20490860BF
:102430005046FEF76EF90022164BCDE90001FEF77B
:1024400079F880460022144BFEF7E6F80646002293
:10245000124BFEF7E1F80022114BCDE90201FEF725
:10246000DBF80446FEF7E4F904900498FEF7B5F9AA
:1024700006460C4A0C4BFEF75DF8044600220B4B57
:10248000FEF758F88046FEF7D3F90A49086007B00E
:10249000BDE8F08F000069400000104000003E40A1
:1024A00000002640F1D4C853FB21094000C0504031
:1024B000D8000020DC00002000BFFEE770B5054614
:1024C0000E46002400F0EAF8284600F0B5F8641C37
:1024D00000F03CF9304600F0AFF8641C00F036F92B
:1024E00000F0DCF8691CC8B200F0A6F8641C00F02B
:1024F0002DF9002000F068F8044600F003F92046AA
:1025000070BD000010B500200E4908600E4800683C
:1025100020F470600C4908600846006840F4407080
:10252000086000200949C1F8A801012004F014FB4B
:1025300001200449086004F00FFB00200349C1F8A2
:10254000AC0110BDAC812142040C0140008021424D
:1025500008B50121082001F08BF94FF44060ADF877
:10256000000010208DF8030003208DF8020069465A
:102570000148FFF70BFC08BD000C014010B500201E
:102580000E4908600E48006820F470600C4908602D
:102590000846006840F44070086001200949C1F80D
:1025A000A80104F0D9FA01200449086004F0D4FA23
:1025B00000200449C1F8AC0110BD0000AC812142EB
:1025C000040C01400080214270B5054600241748E4
:1025D000006820F47060154908600846006840F4FF
:1025E00000600860002616E0002011490860022003
:1025F00004F0B2FA01200F49C1F8AC016006040EE4
:102600000B488438006808B1601CC4B2022004F092
:10261000A3FA701CC6B2082EE6DB15B1FFF772FFF5
:1026200001E0FFF7ABFF204670BD0000040C014045
:10263000AC8121420080214270B5044614480068F4
:1026400020F47060124908600846006840F4407049
:10265000086000200F490860002516E0E0090D49D8
:10266000091F08606006040E012004F075FA0120BD
:102670000949C1F8AC0104F06FFA0020054908606F
:10268000012004F069FA681CC5B2082DE6DB70BDB4
:10269000040C0140AC8121420080214210B5164853
:1026A000006820F47060144908600846006840F42F
:1026B000407008600120114908601148D0F82801D5
:1026C00008B9002010BD01200C49091D086004F064
:1026D00043FA00200A49C1F8A80108488038006878
:1026E00008B10020EEE7012004F036FA002003498B
:1026F000091D08600120E5E7040C0140A881214282
:102700000080214210B50E48006820F470600C492A
:1027100008600846006840F44070086000200949DD
:1027200008600949C1F8A801012004F015FA012048
:10273000044908600449C1F8A80104F00DFA10BD6D
:10274000040C0140AC8121420080214210B50024DC
:102750001548006820F47060134908600846006856
:1027600040F40060086001201049086004F0F4F9AA
:1027700001200F49C1F8AC0104F0EEF90AE0601C39
:10278000C4B2322C03DDFFF7BDFF002010BD0120D5
:1027900004F0E2F90548803800680028EFD10349C9
:1027A000091D08600120F1E7040C0140A8812142C5
:1027B0000080214270B505460E4614463146284633
:1027C000FFF77CFE2070012070BDF8B506460F466D
:1027D00014461D466A4639463046FFF7EBFF2DB1D9
:1027E0000120A0409DF80010084305E00120A04012
:1027F0009DF8001021EA0000C0B200909DF8002072
:102800003946304600F036F8F8BD2DE9F843074662
:10281000884614461D46089E6A4641463846FFF7DC
:10282000C9FF28B3601CFF2101FA00F0C4F10801C0
:102830002944491EFF220A41104300F0FF09C5F157
:10284000080006FA00F0C6B2C4F1070006419DF880
:10285000000000EA090000909DF80000304300905D
:102860009DF800204146384600F004F8BDE8F883A2
:102870000020FBE737B504460D4602AB012229468E
:10288000204600F001F83EBD2DE9F04180460D469E
:1028900016461F460024FFF701FF4046FFF7CCFE17
:1028A000FFF754FF2846FFF7C7FEFFF74FFF00BFB3
:1028B00006E0385DFFF7C0FEFFF748FF601CC4B2BA
:1028C000B442F6DBFFF71EFF0120BDE8F0810000F7
:1028D00009480068094908600948006848600948D3
:1028E0000068886008480068C86008480068086197
:1028F0000748006848617047E0000020600600203B
:10290000E4000020E8000020EC000020F00000209F
:10291000F4000020014800787047000026020020E3
:1029200001464906084A926942F00102064B9A6143
:10293000064A526822F0E062044B5A601A46526816
:102940000A435A6070470000001002400000014036
:102950002DE9F04FADB0044689469246A3482B902E
:10296000A349D1E90023D1E90201CDE92723CDE92B
:102970002901CDF898A09E4B1033D3E90021D3E96B
:102980000203CDE92403CDE922219949203103C96D
:10299000CDE920019649283103C9CDE91E01944BA8
:1029A00030330FCB1AAD0FC59148403000681990F5
:1029B0008F4B4433D3E90020D3E9021316AD0BC586
:1029C00015928B49543103C9CDE9130100201190B0
:1029D00012900F9010900B900C900D900E9007900D
:1029E000089009900A900590069004904846FDF7DB
:1029F000F4FE0746884684F000400190FDF7EDFEA6
:102A00003A464346CDE9020103F020FE0546FDF7B4
:102A10000FFF834611A8774922AA0123CDE900219F
:102A2000029002221146104606F0B4FA0FA826A919
:102A300020AA0123CDE9002102901A46194602205E
:102A400006F0A8FA0F991198FDF705FC6A4908608D
:102A500010991298FDF7FFFB674948600BA867497A
:102A600022AA0223CDE9002102901A4619461846EF
:102A700006F090FA07A815A90BAA0223CDE90021B8
:102A800002901A461946184606F084FA1A990798D1
:102A9000FDF7E1FB5A4908601B990898FDF7DBFB3D
:102AA000574948601C990998FDF7D5FB544988603F
:102AB0001D990A98FDF7CFFB5149C86005A81EAAC9
:102AC0000223CDE9002102901A461946012006F0A2
:102AD00061FA04A813A905AA0123CDE900210290F7
:102AE00002221146184606F055FA19990498FDF786
:102AF000B2FB054629464FF07E50FDF736FC0490A8
:102B000011A813A93E4A0123CDE900210290022217
:102B10001146104606F03EFA3A4804A911AA0123CC
:102B2000CDE9002102901A461946022006F032FA39
:102B300004A831491EAA0123CDE9002102900222F6
:102B40001146184606F026FA58460499FDF7D5FBBB
:102B5000049011A804A92B4A0123CDE90021029079
:102B60001A461946022006F015FA234A11991068F0
:102B7000FDF771FB1F4908601F4A12995068FDF765
:102B80006AFB1C4948600BA81EA91E4A0223CDE916
:102B90000021029001221146184606F0FBF90B991C
:102BA0002798FDF7AAFB0B900C992898FDF7A5FB39
:102BB0000C900D992998FDF7A0FB0D9027AA0E996E
:102BC000D068FDF79AFB0E900C480D490BAA022322
:102BD000CDE9002102901A461946184606F0DAF9A6
:102BE000044800682DB0BDE8F08F00000AD7A33B71
:102BF000BC9F0008CC010020D4010020DC01002093
:102C0000A0020020EC0100202DE9F04FADB00446F9
:102C100089469246A3482B90A349D1E90023D1E9E4
:102C20000201CDE92723CDE92901CDF898A09E4BDB
:102C30001033D3E90021D3E90203CDE92403CDE920
:102C400022219949203103C9CDE920019649283133
:102C500003C9CDE91E01944B30330FCB1AAD0FC51C
:102C600091484030006819908F4B4433D3E90020DD
:102C7000D3E9021316AD0BC515928B49543103C924
:102C8000CDE913010020119012900F9010900B903D
:102C90000C900D900E900790089009900A90059066
:102CA000069004904846FDF798FD0746884684F054
:102CB00000400190FDF791FD3A464346CDE90201FF
:102CC00003F0C4FC0546FDF7B3FD834611A8774920
:102CD00022AA0123CDE900210290022211461046CA
:102CE00006F058F90FA826A920AA0123CDE9002152
:102CF00002901A461946022006F04CF90F991198D5
:102D0000FDF7A9FA6A49086010991298FDF7A3FA2D
:102D1000674948600BA8674922AA0223CDE9002130
:102D200002901A461946184606F034F907A815A964
:102D30000BAA0223CDE9002102901A461946184633
:102D400006F028F91A990798FDF785FA5A4908609C
:102D50001B990898FDF77FFA574948601C99099814
:102D6000FDF779FA544988601D990A98FDF773FABE
:102D70005149C86005A81EAA0223CDE9002102908E
:102D80001A461946012006F005F904A813A905AA58
:102D90000123CDE90021029002221146184606F0D7
:102DA000F9F819990498FDF756FA054629464FF0A7
:102DB0007E50FDF7DAFA049011A813A93E4A0123C8
:102DC000CDE90021029002221146104606F0E2F8F9
:102DD0003A4804A911AA0123CDE9002102901A461C
:102DE0001946022006F0D6F804A831491EAA01238C
:102DF000CDE90021029002221146184606F0CAF8D9
:102E000058460499FDF779FA049011A804A92B4AB1
:102E10000123CDE9002102901A461946022006F04E
:102E2000B9F8234A11991068FDF715FA1F4908608F
:102E30001F4A12995068FDF70EFA1C4948600BA80A
:102E40001EA91E4A0223CDE900210290012211464B
:102E5000184606F09FF80B992798FDF74EFA0B904D
:102E60000C992898FDF749FA0C900D992998FDF7CF
:102E700044FA0D9027AA0E99D068FDF73EFA0E90FD
:102E80000C480D490BAA0223CDE9002102901A46F5
:102E90001946184606F07EF8044800682DB0BDE8D3
:102EA000F08F00000AD7A33B18A00008F40100200F
:102EB000FC01002004020020B002002014020020C7
:102EC00008B50121042000F0D3FC4FF48070ADF868
:102ED000000048208DF8030069460248FEF756FFBF
:102EE00008BD00000008014010B5044600F022F8BB
:102EF00001280BD1601C0D490988B1EB400F0ADA9B
:102F00000A480088401C0949088004E0002007495D
:102F100008800749088005480088022803D101205D
:102F20000349088010BD0020FCE70000CC00002011
:102F3000CA00002010B54FF480710448FEF7FAFF74
:102F400008B9012010BD0020FCE700000008014086
:102F50001FB50121084600F08BFC0121042000F080
:102F600087FC4FF48050ADF80C0048208DF80F001E
:102F700003A91248FEF70AFF0C210020FEF7E6FE27
:102F80004FF48050019000208DF808000C208DF83F
:102F9000090001208DF80A0001A8FEF7F1FD2820A4
:102FA0008DF8000002208DF8010001208DF802004C
:102FB0008DF80300684600F053F81FBD000801407B
:102FC00010B5022000F010F8032000F021F80020D6
:102FD00000F014F8002000F037F8002000F02BF883
:102FE000002000F01FF810BD38B50446032302226C
:102FF0006B21D0200094FFF708FC38BD38B504469B
:10300000022304221C21D0200094FFF7FEFB38BDD0
:1030100038B50446022304221B21D0200094FFF778
:10302000F4FB38BD10B50446234601223721D020D9
:10303000FFF7CBFB10BD10B50446234605226A21DD
:10304000D020FFF7C2FB10BD10B504462346062270
:103050006B21D020FFF7B9FB10BD00BFFEE7704722
:1030600070B5002100230F22C47804B3154C2468E6
:1030700004F4E064C4F5E064210AC1F10403CA4029
:10308000447804FA03F184781440214309010E4C7A
:103090000678A155047804F01F050124AC4005789A
:1030A0006D11AD0005F1E025C5F8004109E0047897
:1030B00004F01F050124AC40044D0678761145F854
:1030C000264070BD0CED00E000E400E080E100E08F
:1030D00002490143024A1160704700000000FA05EE
:1030E0000CED00E00146002902DD01F5AF607047FC
:1030F000002902DAA1F5AF60F9E70846F7E70346D1
:103100001846884200DD0846904200DA10467047B3
:103110002DE9FE4F04460D460026032003E0215C06
:103120000E44411CC8B2A91E8142F8DCF6B26019F7
:1031300010F802AC564501D0BDE8FE8F2078552826
:1031400000D0F9E76778072F61D2DFE807F0600465
:103150003039424B4F00E078029094F80580207996
:1031600040EA08200FFA80F80298FF2803D1C8F13E
:1031700000000FFA80F894F806B094F80890E0790F
:1031800040EA09200FFA80F9BBF1FF0F03D1C9F122
:1031900000000FFA80F94846FDF7ADFA019040466D
:1031A000FDF7A9FA0090019902F0ECFF30E06A1FE8
:1031B000E11C1948FDF70BF8174801F029F827E042
:1031C0006A1FE11C1548FDF702F8144801F010F8D9
:1031D0001EE06A1FE11C1248FCF7F9FF104800F0DE
:1031E000E9FF15E0E0780F49087011E0E0780E493A
:1031F00008700E48007848B90846007818B90020D1
:103200000B49086002E001200949086000BF00BFC7
:1032100000BF00BF90E70000380400205B040020DE
:10322000200200202D0000201F020020C6000020E8
:10323000AC012142704700002DE9F0438BB0D34828
:1032400040783038052818D2DFE800F01303070B68
:103250000F000120CE49087013E00220CC4908700D
:103260000FE00320CA4908700BE00420C849087029
:1032700007E00020C649087003E00020C449087038
:1032800000BF00BFC148C078312802D10520C04925
:103290000870BE48C078322802D10620BC490870A8
:1032A000BA48FCF7C4FF15280CD20020B9490870B1
:1032B0005021B648FCF7A4FFB7A001F073FE0BB095
:1032C000BDE8F083B1484079312807D100F0A2F978
:1032D000052003F019FC00F09DF90AE0AB484079A5
:1032E000322806D100F0D8FC00F094F9AFA001F02C
:1032F00059FEA648C079312806D10120AD490860A1
:10330000AAA001F04FFE09E0A048C079322805D1FB
:103310000020A8490860A5A001F044FE9B48407A1F
:10332000312860D11C2104A8FCF76AFF002002901C
:10333000039000900190A0A1944800F079FF81468D
:1033400009F1010000B9BAE79C480068A0EB090246
:103350008E4800EB090104A8FCF739FF98A104A8E6
:1033600000F066FF0446601C00B9A8E7A21E0DF13C
:10337000120102A8FCF72BFF02A803F035FA07465A
:103380000022904BFDF7D6F80546FDF751FA8E491D
:1033900008601C2104A8FCF733FF09EB0400874BED
:1033A0001B681A1A794848442044411C04A8FCF7B9
:1033B0000EFF83A104A800F03BFF0446601C00B987
:1033C0007DE7A21E0DF112016846FCF700FF68467A
:1033D00003F00AFA0546FDF72BFA7C49086073A052
:1033E00001F0E0FD00BF6948C07A312860D11C219E
:1033F00004A8FCF705FF00200290039000900190C4
:1034000073A1624800F014FF814609F1010000B980
:1034100055E76A480068A0EB09025C4800EB090127
:1034200004A8FCF7D4FE66A104A800F001FF04463E
:10343000601C00B943E7A21E0DF1120102A8FCF7BF
:10344000C6FE02A803F0D0F9074600225D4BFDF747
:1034500071F80546FDF7ECF95E4908601C2104A8E7
:10346000FCF7CEFE09EB0400544B1B681A1A4748C0
:1034700048442044411C04A8FCF7A9FE50A104A81C
:1034800000F0D6FE0446601C00B918E7A21E0DF13C
:1034900012016846FCF79BFE684603F0A5F9054655
:1034A000FDF7C6F94C49086040A001F07BFD00BF64
:1034B0003648407B312860D11C2104A8FCF7A0FECF
:1034C0000020029003900090019044A12F4800F04A
:1034D000AFFE814609F1010000B9F0E63748006807
:1034E000A0EB0902294800EB090104A8FCF76FFED4
:1034F00033A104A800F09CFE0446601C00B9DEE67F
:10350000A21E0DF1120102A8FCF761FE02A803F051
:103510006BF9074600222B4BFDF70CF80546FDF72B
:1035200087F92F4908601C2104A8FCF769FE09EB04
:103530000400224B1B681A1A144848442044411CBA
:1035400004A8FCF744FE27A104A800F071FE04467D
:10355000601C00B9B3E6A21E0DF112016846FCF72B
:1035600036FE684603F040F90546FDF761F91E494D
:1035700008600EA001F016FD00BF0020054908708C
:1035800050210248FCF73CFE00BF98E6D40500201D
:103590004802002038020020245265636569766580
:1035A0005061636B4572726F72230000244F4B238E
:1035B00000000000340200204150000044020020BE
:1035C0002C00000000005940E0000020E400002032
:1035D00056500000E8000020EC000020545000008D
:1035E000F000002023000000F400002010B5064881
:1035F0000268521C05490648FCF7E9FD50210348C2
:10360000FCF7FEFD10BD00003C02002084050020F8
:10361000D405002070B532216548FCF7F1FD6448FF
:1036200064A109680160002163480068FDF726F97C
:103630000FD8624960480068FCF797FE0646FDF720
:10364000CCF8044622460B465DA15F4802F048F8DC
:1036500003E05EA001F0A6FC70BD00215F48006899
:10366000FDF70CF90BD85D480068FDF7B6F8044685
:1036700022460B4652A15A4802F032F803E053A00A
:1036800001F090FCE8E7002156480068FDF7F6F8E5
:103690000FD84A4953480068FCF767FE0646FDF715
:1036A0009CF8044622460B4645A14F4802F018F804
:1036B00003E046A001F076FCCEE700214B4800680D
:1036C000FDF7DCF80BD849480068FDF786F804469A
:1036D00022460B463AA1464802F002F803E03BA01E
:1036E00001F060FCB8E7002142480068FDF7C6F829
:1036F0000FD832493F480068FCF737FE0646FDF711
:103700006CF8044622460B462DA13B4801F0E8FF29
:1037100003E02EA001F046FC9EE700213748006838
:10372000FDF7ACF80BD835480068FDF756F80446AD
:1037300022460B4622A1324801F0D2FF03E023A02B
:1037400001F030FC88E720491948FCF764FD2DA101
:103750001748FCF760FD22491548FCF75CFD2AA1DB
:103760001348FCF758FD20491148FCF754FD27A1E8
:103770000F48FCF750FD1E490D48FCF74CFD24A1F5
:103780000B48FCF748FD1C490948FCF744FD21A102
:103790000748FCF740FD1A490548FCF73CFD0EA11F
:1037A0000348FCF738FD024801F0FCFB00BF53E77B
:1037B0004902002024415000E00000200000C842DF
:1037C00025332E326600000024060020244765744D
:1037D0005049444572726F7223000000E4000020DB
:1037E0002E060020E800002038060020EC00002013
:1037F00042060020F00000204C060020F4000020CB
:10380000560600202C4144002C5650002C564900EE
:103810002C5450002C54440001460020034A5068A8
:1038200020F4404008435060704700000010024000
:1038300029B1064AD2690243044BDA6104E0034A23
:10384000D2698243014BDA617047000000100240E8
:1038500029B1064A12690243044B1A6104E0034A83
:1038600012698243014B1A61704700000010024048
:1038700029B1064A92690243044B9A6104E0034A63
:1038800092698243014B9A61704700000010024028
:1038900029B1064AD2680243044BDA6004E0034AC5
:1038A000D2688243014BDA6070470000001002408A
:1038B00030B500210022002400232D4D6D6805F055
:1038C0000C0121B1042905D0082923D105E0294D97
:1038D000056022E0274D05601FE0254D6D6805F469
:1038E0007012234D6D6805F48034022505EB924279
:1038F0001CB9214D554305600BE01D4D6D6805F465
:1039000000351DB11C4D5543056002E0194D55436E
:10391000056002E0174D056000BF00BF144D6D68E3
:1039200005F0F0010909154D6B5C0568DD40456047
:103930000F4D6D6805F4E061090A104D6B5C456838
:10394000DD4085600A4D6D6805F46051C90A0B4D74
:103950006B5C4568DD40C560054D6D6805F4404110
:10396000890B074D6B5CC568B5FBF3F5056130BD90
:103970000010024000127A0000093D0060000020A3
:10398000700000202DE9F04F8FB00CA889490DABD5
:1039900008AACDE900108849884803F07DFA8548D7
:1039A000008800F4807000287ED00898FCF7A3FE01
:1039B00004464FF09D41FCF7D8FC81490860099806
:1039C000FCF799FE04464FF09D41FCF7CEFC7D4983
:1039D00008600A98FCF78FFE04464FF09D41FCF703
:1039E000C4FC794908600B98FCF785FE04464FF04B
:1039F0009D41FCF7BAFC75490860714801684FF0B9
:103A00008040FCF780FC06906F4801680698FCF740
:103A10007AFC82466B4801684FF04040FCF773FC2B
:103A200006906A4801680698FCF76DFC834651468B
:103A3000FCF711FC0790FCF7D0FE804602F0BEFBBD
:103A400006464FF06632624BFCF774FD0446FCF705
:103A5000EFFE604908605C4801684FF08040FCF769
:103A600052FC0390584801680398FCF74CFC8246CE
:103A7000544801684FF04040FCF745FC0390514822
:103A800001680398FCF73FFC83465146FCF735FC80
:103A900081464FF07E51FCF7DEFB0446FCF79DFEAD
:103AA000CDE90401464800E081E001684FF0804024
:103AB000FCF729FC8346434801685846FCF723FC81
:103AC0008146414801684FF08040FCF71CFC83466A
:103AD0003E4801685846FCF716FC82464946FCF70A
:103AE000BAFB0446FCF779FE0746DDE9042302F041
:103AF000ADFD4FF06632364BCDE90601FCF71AFDFD
:103B00000546FCF795FE34490860304801680068B6
:103B1000FCF7F9FB03902C4801680068FCF7F3FB05
:103B20000290284801680068FCF7EDFB83462448B2
:103B300001680068FCF7E7FB59460190FCF78BFB36
:103B400082460299FCF7D9FB81460399FCF7D5FB25
:103B50000446FCF742FECDE904011C480168184800
:103B60000068FCF7D0FB82461748016815480068DA
:103B7000FCF7C9FB83465146FCF76DFB81464FF0CD
:103B80008041FCF7C0FB0446FCF727FE0746DDE951
:103B9000042302F05BFD4FF066320D4BCDE90601C8
:103BA000FCF7C8FC0546FCF743FE0C4908600FB063
:103BB000BDE8F08F840000207E0000207800002007
:103BC00094000020980000209C000020A00000200D
:103BD00066A64C40880000208C0000209000002049
:103BE000014611B101290ED106E0094A128810B22E
:103BF0000022074B1A8008E0064A128810B2002201
:103C0000044B1A8001E0002000BF00BF7047000095
:103C100024040040240800402DE9F05F4221D02018
:103C2000FEF74CFC05464121D020FEF747FC05EB92
:103C300000242046FCF75FFD82464FF08E4150463F
:103C4000FCF71CFE05D24FF08F415046FCF755FBA8
:103C500082460D495046FCF788FB8346FCF7BDFDC4
:103C600080460A4A0A4BFCF7BEFB06460022094B77
:103C7000FCF760FC0446FCF7DBFD82465046FCF78F
:103C800066FDBDE8F09F00000000AA43A4703D0A55
:103C9000D74342400000244010B521480168214824
:103CA0000068FCF7E1FD03D01D4800681D4908606D
:103CB0001B4841681C480068FCF7D6FD03D0184833
:103CC0004068194908601648816818480068FCF780
:103CD000CBFD03D012488068144908601048C168C1
:103CE00013480068FCF7C0FD03D00D48C0681049B8
:103CF00008600B4801690F480068FCF7B5FD03D068
:103D0000074800690B490860054841690A4800688E
:103D1000FCF7AAFD03D0024840690749086010BDBE
:103D200060060020E0000020E4000020E800002001
:103D3000EC000020F0000020F4000020704700009C
:103D400010B50C480068401E0A4908600A4800681F
:103D5000012807D10846006820B9FDF7C5FB0748D0
:103D600001F020F90348006810B9012001490860FA
:103D700010BD00008802002034020020F80400205A
:103D8000F8B500200090002519491A480068FCF792
:103D9000BAFA0646FCF7F4FCC0B28DF80000002029
:103DA0008DF80100002405E01DF804002844C5B288
:103DB000601CC4B2022CF7DBE8B28DF8020055207B
:103DC00001F0BAF9122001F0B7F9022001F0B4F9BC
:103DD0009DF8000001F0B0F99DF8010001F0ACF988
:103DE0009DF8020001F0A8F9BB2001F0A5F9F8BD8B
:103DF00000002041D00000207FB5002000900190FD
:103E0000029003900025424800788DF80000404859
:103E10000088000A8DF801003E4800788DF8020005
:103E20003C480088000A8DF803003B4800788DF874
:103E3000040039480088000A8DF8050037480078EA
:103E40008DF8060035480088000A8DF807003448D0
:103E500000788DF8080032480088000A8DF80900C3
:103E6000304800788DF80A002E480088000A8DF846
:103E70000B00002405E01DF804002844C5B2601CB6
:103E8000C4B20C2CF7DBE8B28DF80C00552001F021
:103E900053F9112001F050F90C2001F04DF99DF873
:103EA000000001F049F99DF8010001F045F99DF885
:103EB000020001F041F99DF8030001F03DF99DF881
:103EC000040001F039F99DF8050001F035F99DF87D
:103ED000060001F031F99DF8070001F02DF99DF879
:103EE000080001F029F99DF8090001F025F99DF875
:103EF0000A0001F021F99DF80B0001F01DF99DF871
:103F00000C0001F019F9BB2001F016F97FBD00008B
:103F10002E02002030020020320200202802002061
:103F20002A0200202C0200202DE9FC4100200090F4
:103F300001900025002144480068FCF795FC13D24D
:103F4000FF208DF8000040480068FCF746FC21F097
:103F500000410746FCF728FC86B2F0B28DF801005C
:103F6000300A8DF802000EE000208DF8000036487F
:103F70000068FCF705FC86B2F0B28DF80100300A4B
:103F80008DF8020000BF002130480068FCF76CFC8F
:103F900013D2FF208DF803002C480068FCF71DFCAD
:103FA00021F000410746FCF7FFFB86B2F0B28DF826
:103FB0000400300A8DF805000EE000208DF80300A3
:103FC00022480068FCF7DCFB86B2F0B28DF80400F2
:103FD000300A8DF8050000BF002405E01DF804003C
:103FE0002844C5B2601CC4B2062CF7DBE8B28DF8D9
:103FF0000600552001F0A0F8102001F09DF80620E1
:1040000001F09AF89DF8000001F096F89DF8010083
:1040100001F092F89DF8020001F08EF89DF803007F
:1040200001F08AF89DF8040001F086F89DF805007B
:1040300001F082F89DF8060001F07EF8BB2001F047
:104040007BF8BDE8FC810000D8000020DC000020E7
:1040500010B500F001F810BD0CB5002001900090E3
:104060003348006840F480303149086000BF304870
:10407000006800F4003000900198401C0190009806
:1040800018B90198B0F5A06FF1D12948006800F483
:10409000003010B10120009001E000200090009855
:1040A000012843D12348006840F0100021490860EE
:1040B0000846006820F0030008600846006840F0E9
:1040C000020008601A48406819494860084640687C
:1040D00048600846406840F4806048600846406890
:1040E00020F47C1048600846406840F4E8104860BE
:1040F0000846006840F08070086000BF0C48006807
:1041000000F000700028F9D00948406820F0030052
:10411000074948600846406840F00200486000BF18
:104120000348406800F00C000828F9D10CBD0000DD
:10413000001002400020024070B505460C4625B92B
:1041400000201B490880091D08802CB9002018494F
:1041500008310880091D0880002D09DD284604F07B
:104160007EFF1349091D08800020091F088008E010
:1041700000200F49091D0880284604F070FF0C49F3
:104180000880002C09DD204604F069FF0849083149
:1041900008800020091D088009E00020044908313A
:1041A0000880204604F05BFF01490C31088070BD97
:1041B000343401401CB50446E078A178CDE9001004
:1041C0006378227803A1084801F08AFA01200749A0
:1041D00008701CBD726F73325F69703A25642E25BA
:1041E000642E25642E256400100400201E02002089
:1041F00010B50446224602A1044801F071FA10BD30
:104200007374615F70643A2573000000E803002056
:1042100010B50446224602A1044801F061FA10BD1F
:104220007374615F737369643A257300C00300207F
:1042300030B503460C4600211AE0585C2578A842A8
:1042400000D014E0002206E0521CA05C8D185D5DD9
:10425000A84200D005E0A05C18B18818185C0028BE
:10426000F2D100BFA05C08B9084630BD00BF491CB0
:10427000585C0028E1D1401EF7E7042808D14FF030
:10428000E021096941F004014FF0E022116107E0EB
:104290004FF0E021096921F004014FF0E0221161A3
:1042A0007047704710B51348006840F0010011498D
:1042B000086008464068104908400E4948600846B2
:1042C00000680E4908400B4908600846006820F461
:1042D000802008600846406820F4FE0048604FF4E3
:1042E0001F008860FFF7B4FE4FF0006004490860CB
:1042F00010BD0000001002400000FFF8FFFFF6FEB6
:1043000008ED00E0F0B50C46154600220021068CB1
:104310004FF6FE773E400684028B018C4FF60C76FA
:1043200032407E1C06EA03162E433243104EB04242
:104330000ED0104EB0420BD0B0F1804F08D00E4ED0
:10434000B04205D00D4EB04202D00D4EB04206D163
:104350004FF6FD76314044F00106314305E04FF65B
:10436000F576314044F00106314302830184F0BD0B
:10437000002C0140003401400004004000080040CF
:10438000000C0040F0B50C46154600220021002626
:10439000078C4FF6EF7C07EA0C070784028B018C31
:1043A0004FF6FF7707EA041640F6FF473A404FF60C
:1043B000FF7707EA03373A434FF6FF7707EA052707
:1043C0003A43114FB8420ED0104FB8420BD0B0F163
:1043D000804F08D00E4FB84205D00E4FB84202D0E1
:1043E0000D4FB84206D14FF6DF77394046F010073F
:1043F000394305E04FF65F77394044F01007394301
:1044000002830184F0BD0000002C01400034014013
:104410000004004000080040000C0040F0B50C46CD
:104420001546002200210026078C4FF6FF6C07EA94
:104430000C070784828B018C4FF6FF7707EA04266E
:104440004FF60C773A404FF6FF7707EA03172F43F2
:104450003A43114FB8420ED0104FB8420BD0B0F1D2
:10446000804F08D00E4FB84205D00E4FB84202D050
:104470000D4FB84206D14FF6FF57394046F48077CA
:10448000394305E04FF2FF57394044F48077394310
:1044900082830184F0BD0000002C01400034014003
:1044A0000004004000080040000C0040F0B50C463D
:1044B0001546002200210026078C4EF6FF7C07EAF5
:1044C0000C070784828B018C4FF6FF7707EA0436CE
:1044D00040F6FF473A404FF6FF7707EA05273A4391
:1044E0004FF6FF7707EA03373A43114FB8420ED031
:1044F000104FB8420BD0B0F1804F08D00E4FB842E9
:1045000005D00E4FB84202D00D4FB84206D14DF63D
:10451000FF77394046F48057394305E047F6FF57A7
:10452000394044F48057394382830184F0BD000050
:10453000002C01400034014000040040000800400D
:10454000000C0040044800880348008820F0010067
:1045500001490880704700001004004004480088AA
:104560000348008820F001000149088070470000DE
:104570001008004010B50121274800F0D4F90028A8
:1045800048D00121244800F09AF824480088401CB3
:104590002249088022480078401C214908700120E7
:1045A0002049087020480078401C1F4908701F48A7
:1045B0000088002804DD1D480088401E1B49088033
:1045C00017480078022823DD002015490870FDF700
:1045D000D1FE0446164801682046FBF73CFE14490C
:1045E000086014480078401C12490870084600789A
:1045F00032280DD110490E480068FBF7B6FE0F496E
:10460000086000200A4908600A49087004F030FD7B
:1046100002F092F910BD000000100040C40000201C
:10462000BD000020C8000020C7000020BE00002000
:10463000B8000020BC00002000004842D00000204C
:104640001FB501211020FFF7F3F841F61F40ADF828
:1046500004006320ADF8080001A9104800F066FBD3
:1046600001210E4800F028F8012211460B4800F005
:10467000CAF936208DF8000004208DF801000220D0
:104680008DF8020001208DF803006846FEF7E8FC73
:104690000121024800F016F81FBD00000010004084
:1046A00021B1028842F08002028004E002884FF6C5
:1046B0007F731A4002807047CA4302827047CA4320
:1046C0000282704721B1028842F00102028004E0B8
:1046D00002884FF6FE731A400280704731B1B0F87D
:1046E000442042F40042A0F8442005E0B0F8442001
:1046F000C2F30E02A0F844207047000010B5044633
:104700006848844208D10121C014FFF7C1F8002194
:10471000E014FFF7BDF8C4E0B4F1804F08D10121E7
:104720000846FFF795F800210120FFF791F8B8E05F
:104730005D48844208D101210220FFF789F8002159
:104740000220FFF785F8ACE05848844208D10121E7
:104750000420FFF77DF800210420FFF779F8A0E09E
:104760005348844208D101210820FFF771F8002145
:104770000820FFF76DF894E04E48844208D10121EB
:104780001020FFF765F800211020FFF761F888E09E
:104790004948844208D101212020FFF759F800211F
:1047A0002020FFF755F87CE04448844208D10121DD
:1047B0004014FFF76DF800216014FFF769F870E00E
:1047C0003F48844209D10121C804FFF761F8002164
:1047D0004FF40020FFF75CF863E03A48844209D1C7
:1047E00001210805FFF754F800214FF48010FFF76E
:1047F0004FF856E03448844209D101214805FFF7BB
:1048000047F800214FF40010FFF742F849E02F4825
:10481000844208D101214020FFF71AF800214020EE
:10482000FFF716F83DE02A48844208D10121802094
:10483000FFF70EF800218020FFF70AF831E0254845
:10484000844208D101218015FFF702F80021A0154C
:10485000FEF7FEFF25E02048844209D1012108042B
:10486000FFF716F800214FF48030FFF711F818E039
:104870001A48844209D101214804FFF709F80021B0
:104880004FF40030FFF704F80BE01548844208D1DC
:1048900001218804FEF7FCFF00214FF48020FEF781
:1048A000F7FF10BD002C014000040040000800404C
:1048B000000C004000100040001400400034014093
:1048C000004C0140005001400054014000180040DD
:1048D000001C004000200040004001400044014016
:1048E00000480140F0B50C4615461E460021002246
:1048F00000230189028B038C4FF6F877394021435E
:104900004FF6FC473A4040F201173A434FF6DD7745
:104910003B404FF6FF7707EA06172F433B430181E1
:1049200002830384F0BD30B502460020002300243A
:10493000158A05EA0103958905EA010413B10CB152
:10494000012000E0002030BD70B505460C4624482B
:1049500085420ED0234885420BD0B5F1804F08D058
:104960002148854205D02148854202D02048854211
:1049700000D100E000BF208850B92389A288618857
:104980002846FFF7BFFCE188284600F0A2F925E0A1
:10499000208804280AD12389A28861882846FFF745
:1049A000F1FCE188284600F09DF917E020880828EE
:1049B0000AD12389A28861882846FFF72FFDE18864
:1049C000284600F09CF909E02389A28861882846DE
:1049D000FFF76CFDE188284600F09AF970BD0000F1
:1049E000002C014000340140000400400008004059
:1049F000000C0040002101804180012181800021C4
:104A0000C180018170471AB183890B43838102E021
:104A100083898B438381704770B500240022002373
:104A2000058C4FF6FE7635400584028C8388048B16
:104A30004FF68F752C40B51E2C400D882C43751EEB
:104A40002A400D892A434D882A43144DA8420BD091
:104A5000134DA84208D0134DA84205D0124DA842CC
:104A600002D0124DA84213D14FF6F7752A404D8956
:104A70002A434FF6FB752A408D882A434FF6FF657F
:104A80002B404FF6FF552B408D892B43CD892B436F
:104A900083800483CD888586028470BD002C01400C
:104AA0000034014000400140004401400048014002
:104AB0000A460021018B4FF6F77319401143018319
:104AC0007047000070B5002400220023058C4FF6CB
:104AD000EF7635400584028C8388048B48F6FF7599
:104AE0002C404FF6FF452C400D884FF6FF7606EA26
:104AF00005252C434FF6DF752A400D8906EA05157A
:104B00002A434D8806EA05152A43154DA84202D0CE
:104B1000144DA8421DD14FF67F752A404D894FF69E
:104B2000FF7606EA05152A434FF6BF752A408D88A1
:104B300006EA05152A434FF6FF352B404FF2FF7565
:104B40002B408D8906EA85052B43CD8906EA85052C
:104B50002B4383800483CD880587028470BD0000C9
:104B6000002C0140003401400A460021018B4FF225
:104B7000FF7319404FF6FF7303EA022319430183C1
:104B80007047000070B5002400220023058C4FF60A
:104B9000FF6635400584028C8388848B4FF68F75C1
:104BA0002C404FF6FC752C400D882C434FF6FF55DA
:104BB0002A400D894FF6FF7606EA05252A434D88DF
:104BC00006EA05252A43154DA84202D0144DA842F5
:104BD0001DD14FF2FF752A404D894FF6FF7606EA48
:104BE00005252A434FF6FF352A408D8806EA05251C
:104BF0002A434EF6FF752B404DF6FF752B408D89ED
:104C000006EA05152B43CD8906EA05152B4383805B
:104C10008483CD888587028470BD0000002C01400C
:104C2000003401400A460021818B4FF6F77319408A
:104C3000114381837047000070B5002200230024D7
:104C4000058C4EF6FF7635400584038C8488828B74
:104C500048F6FF752A404FF6FF452A400D884FF66B
:104C6000FF7606EA05252A434DF6FF752B400D8990
:104C700006EA05352B434D8806EA05352B430B4DD7
:104C8000A84202D00A4DA84208D14BF6FF752C402D
:104C90008D894FF6FF7606EA85152C438480828342
:104CA000CD88A0F84050038470BD0000002C014066
:104CB000003401400A460021818B4FF2FF731940F6
:104CC0004FF6FF7303EA02231943818370478184FF
:104CD0007047028B4FF6F3731A400283028B0A432C
:104CE00002837047028B4FF2FF331A400283028B1C
:104CF0004FF6FF7303EA01231A4302837047828B46
:104D00004FF6F3731A408283828B0A438283704783
:104D1000828B4FF2FF331A408283828B4FF6FF73F0
:104D200003EA01231A4382837047000000220288AD
:104D30001D4B98420ED01D4B98420BD0B0F1804FC6
:104D400008D01B4B984205D01A4B984202D01A4B00
:104D5000984204D14FF68F731A404B881A43174B71
:104D6000984207D0164B984204D04FF6FF431A40A2
:104D7000CB881A4302808B8883850B8803850A4B76
:104D800098420BD0094B984208D00E4B984205D060
:104D90000D4B984202D00D4B984201D10B7A0386FD
:104DA0000123838270470000002C01400034014041
:104DB0000004004000080040000C004000100040CB
:104DC0000014004000400140004401400048014000
:104DD0004FF6FF71818000210180C1804180017206
:104DE000704700002DE9F0410546884613492846E2
:104DF000FBF73AFD13D312492846FBF73FFD0ED3CC
:104E000010480068FBF7E9FC06464FF033320E4BC2
:104E1000FBF7F6FC03D30D48007801280AD10124E2
:104E200000200B490880091D0880091D0880091D04
:104E3000088000E000242046BDE8F081000020C288
:104E400000002042D0000020333323402C000020FB
:104E5000343401402DE9F0470546274806682748C5
:104E60000078032806D12648006880F000402549D4
:104E700008601BE021480078042804D1204800681D
:104E80002049086012E01D480078052803D11E481B
:104E90001C4908600AE019480078062803D11B481D
:104EA0001849086002E000201649086018480468A4
:104EB00021462846FBF727FA82461649FBF755FAA2
:104EC000804631460F480068FBF71DFA82461149BB
:104ED000FBF74BFA81464146FBF7BDF907460E4802
:104EE00001683846FBF7B7F90C49086008460068C6
:104EF000FBF72DFCBDE8F087F00000204802002001
:104F0000FC00002014010020000020C2000020420C
:104F1000F40000200000C8422800002018010020F2
:104F200010B50446074801780078401C054A107007
:104F300005484454012240F22771044800F0CEF99C
:104F400010BD00001D020020C002002000440040EF
:104F500010B504460FE020780D2802D1FFF7E0FFDE
:104F600008E020780A2802D1FFF7DAFF02E0207873
:104F7000FFF7D6FF641C20780028ECD110BD00009C
:104F800010B540F22551064800F07EF930B10448D2
:104F900000F036FAC4B2204601F024FD10BD000036
:104FA0000050004070B505462C4603E0207800F024
:104FB00033F9641C20780028F8D170BD10B50024A6
:104FC00040F22551054800F05FF930B1034800F088
:104FD00017FAC4B2204600F003F810BD00380140B3
:104FE00010B5044600BF8021044800F040F90028B5
:104FF000F9D02146014800F008FA10BD0038014000
:1050000010B540F22771184800F03EF9D8B11748A2
:1050100002780078401C154B18701548815C1248C6
:1050200000F0F3F91148007812490978884205D157
:10503000002240F227710C4800F050F940F227712D
:10504000094800F0F9F840F22551074800F01CF932
:1050500040B140F22551044800F0EEF8024800F05B
:10506000CFF9C4B210BD0000004400401C02002073
:10507000C00200201D02002010B586B004460121A8
:105080004804FEF7D5FB01210420FEF7F1FB0420C4
:10509000ADF8140018208DF8170003208DF81600C5
:1050A00005A91848FCF772FE0820ADF8140004208A
:1050B0008DF8170005A91348FCF768FE26208DF827
:1050C000000001208DF801008DF802008DF803002A
:1050D0006846FDF7C5FF01940020ADF80800ADF863
:1050E0000A00ADF80C00ADF810000C20ADF80E0071
:1050F00001A9054800F018F90121034800F0ABF8B8
:1051000006B010BD000801400044004010B540F258
:105110002551084800F0B8F858B140F2255105482B
:1051200000F08AF8034800F06BF9C4B2204600F0A2
:1051300071F910BD0048004010B5044600BF802141
:10514000044800F094F80028F9D02146014800F006
:105150005CF910BD0048004010B586B0044601213E
:105160008804FEF765FB01211120FEF781FB012178
:105170002648FCF797FE4FF48060ADF81400182025
:105180008DF8170003208DF8160005A92048FCF7BC
:10519000FDFD4FF40060ADF8140004208DF81700F9
:1051A00005A91B48FCF7F2FD01940020ADF80800AA
:1051B000ADF80A00ADF80C00ADF810000C20ADF809
:1051C0000E0001A9134800F0AFF8002240F2277149
:1051D000104800F083F8012240F225510D4800F0FC
:1051E0007DF801210B4800F036F827208DF80000EB
:1051F00001208DF8010002208DF8020001208DF8B9
:1052000003006846FDF72CFF06B010BD1000140027
:10521000001001400048004010B5044600BF802146
:10522000044800F024F80028F9D02146014800F095
:10523000ECF810BD0050004010B50022002340F6ED
:105240006A14A14200D100BF0A1201249440A3B203
:10525000DC43048010BD21B1828942F40052828176
:1052600004E082894DF6FF731A408281704702463E
:105270000020B1F5007F00D100BF13880B400BB1B7
:10528000012000E00020704770B502460024002392
:105290000025002040F66A16B14200D100BFC1F3DC
:1052A000421501F01F03012606FA03F3012D02D176
:1052B0009689334006E0022D02D1168A334001E080
:1052C000968A33400C12012606FA04F416883440FC
:1052D00013B10CB1012000E0002070BDF0B5034611
:1052E000002400260025002040F66A17B94200D1AC
:1052F00000BF1846C1F3421401F01F06012707FA48
:1053000006F5012C01D10C3004E0022C01D1103043
:1053100000E014301AB107682F43076002E0076805
:10532000AF430760F0BD00002DE9F04786B00546A9
:105330000E460024A24600BFA1460027B08900B156
:1053400000BF2F462C8A4CF6FF700440F0880443BF
:105350002C82AC894EF6F3100440B08831890843A2
:10536000718908430443AC81AC8A4FF6FF40044086
:10537000B0890443AC8201A8FEF79AFA1F4887421D
:1053800002D1DDF810A001E0DDF80CA0A88900F43E
:10539000004040B10AEBCA0000EB0A103168490036
:1053A000B0FBF1F807E00AEBCA0000EB0A10316825
:1053B0008900B0FBF1F86420B8FBF0F0040120098B
:1053C000642101FB1089A88900F4004040B132201B
:1053D00000EBC900B0FBF1F000F00700044308E067
:1053E000322000EB09106421B0FBF1F000F00F0057
:1053F00004432C8106B0BDE8F0870000003801406E
:1054000001468888C0F308007047C1F30802828013
:105410007047000010B504464248007830B10128BA
:1054200013D002282CD0032879D148E0552C06D17E
:1054300055203D49087001203A49087004E00020D9
:1054400038490870384908706AE0012C09D0022CEC
:1054500007D0032C05D0042C03D0052C01D0062C3A
:1054600007D13148447002202E4908702F49087036
:1054700005E000202B4908702B49087048704FE068
:10548000601D2B4908700846007828280ADB002098
:105490002649087023490870234908704870244938
:1054A00008703DE020482149097844541F4800789D
:1054B000401C1E49087003201A49087030E01A4841
:1054C0001A490978445419480078401C1749087053
:1054D000084600781649097888420FDB144800789E
:1054E000401E1149085CBB2808D1012011490870F1
:1054F00000200E4908700B4908700EE00B48007838
:105500000B490978884208DB28210748FAF778FE1A
:105510000020064908700349087001E0FFE700BF5A
:1055200000BF10BD250200207E04002024020020C0
:10553000270200202602002000BFFEE72DE9FC5FC5
:10554000044689464B480078012804D14A4800683F
:105550004A4908600EE047480078022806D14648CC
:10556000006880F000404549086003E04448006856
:105570004249086004EB09014842FBF7BCF8414985
:10558000086041480068FBF728F907463F4A404B4E
:10559000FAF7D0FF0546FBF74BF93B49086039485D
:1055A0000068FBF71AF907463A4A3B4BFAF7C2FF85
:1055B00005460E4634480068FBF70FF982462A4636
:1055C0003346FAF710FFCDE90001FBF731F92E4918
:1055D00008600846016831480068FAF73CFE2F4928
:1055E0000860264801682D480068FAF734FE2B4908
:1055F00008602B4929480068FBF740F902D2284887
:1056000026490860274925480068FBF72DF902D292
:105610002448224908602448016820480068FAF7B5
:1056200072FE07462149FAF7A0FE054616480068B3
:1056300080F000481E4801684046FAF764FE0746BD
:105640001A49FAF792FE06462946FAF756FE194914
:1056500008601948016819480068FFF7C3FB012872
:1056600002D100200D49086012480068FBF76FF86E
:10567000BDE8FC9F48020020F80000200C0100203B
:10568000240000200401002008010020E17A14AE6B
:1056900047E1EA3F7B14AE47E17AC43F10010020A6
:1056A0000000FA450000FAC5EC0000200000C842E6
:1056B000E800002000010020D000002004000020AD
:1056C0000FB4054B10B503A9044A029800F07EF907
:1056D00010BC5DF814FB000049770008B4000020FE
:1056E0000FB4084B10B504A902AA039800F06EF994
:1056F000044602A9002000F0ECFC204610BC5DF836
:1057000014FB0000D3600008490050EAC12018BF14
:1057100004204A0D18BF40F0010040F2FF72B2EBC6
:10572000515F08BF40F00200012808BF0520704704
:105730002DE9F0414F1E00EBC7010446D1E90001FD
:1057400015461E4637F006020DD02A463346FAF7B4
:10575000F1FE7F1E04EBC703D3E90023FAF743FEF3
:1057600037F00602F1D1022F25D0042F13D0062FD7
:1057700018BFBDE8F0812A463346FAF7DBFED4E9CC
:105780000A23FAF730FE2A463346FAF7D3FED4E965
:105790000823FAF728FE2A463346FAF7CBFED4E967
:1057A0000623FAF720FE2A463346FAF7C3FED4E969
:1057B0000423FAF718FE2A463346FAF7BBFED4E96B
:1057C0000223FAF710FE2A463346FAF7B3FED4E96D
:1057D0000023BDE8F041FAF706BE0122FBF7B2B99B
:1057E000FAF701BE0022134610461146FAF714BF1D
:1057F000024A00201107FBF7A5B9000001FDFFFFD9
:1058000001480068704700008C02002002E008C8D0
:10581000121F08C1002AFAD170477047002001E02A
:1058200001C1121F002AFBD1704700000149086026
:10583000704700008C0200202DE9FF5F82B000213C
:10584000DDE90430020DDDF840B0034318D044F622
:105850001050A2F2FF3242431514119801281FD0B4
:10586000A5EB0B00401C5FEA000A4FF000064E4F0C
:10587000DFF83891B046504615D5CAF1000413E060
:10588000119801244AA3012801D16FEA0B01029863
:10589000119AC0E90031C0E9024206B0BDE8F09FAC
:1058A000CBF10000DFE704460021404A491842EBF3
:1058B0000450CDE9001012E0E00707D032463B4625
:1058C00040464946FAF736FE8046894632463B4610
:1058D00010461946FAF72EFE06460F466410002CB5
:1058E000EAD1DDE90401DDE90023BAF1000F06DAAF
:1058F000FAF720FE42464B46FAF71CFE05E0FAF79F
:105900008BFE42464B46FAF787FE04460E460022BF
:10591000284BFBF747F903D84FF0FF30014607E06B
:105920000022254B20463146FAF75DFDFBF721F9B1
:10593000102409E0002C0ADB0A220023FAF7BEFF3C
:10594000039B30321A55641E50EA0102F2D1641CE6
:10595000039AC4F111031444119A012A03D00122BD
:1059600008430DD10AE0084304D000204FF0110B8A
:10597000119072E7A3EB0B056D1E0DE05B4504DD96
:105980004FF0000205F1010504E003DA4FF00002D8
:10599000A5F10105002AECD002981199C0E9023165
:1059A000C0E9004579E70000000014400000F03F26
:1059B000300000000000F0430000E03F30380A28CB
:1059C00001D2012070470020704700002DE9FF4FF1
:1059D00095B09A46884606460025EEE1252877D1FF
:1059E00000242746F94A0121039400E0044316F8F5
:1059F000013F203B01FA03F01042F7D130782A280A
:105A000011D06FF02F033078A0F13002092A16D898
:105A1000039A44F0020402EB820203EB42021044B8
:105A2000761C0390EFE758F8042B0392002A03DA60
:105A3000504244F40054039044F00204761C307841
:105A40002E2816D116F8010F44F004042A280DD090
:105A50006FF02F023078A0F13003092B09D807EB43
:105A6000870302EB4303C718761CF3E758F8047B5F
:105A7000761C30786C280FD006DC4C2817D06828AC
:105A80000DD06A2814D104E0742810D07A280FD1E0
:105A90000DE044F400140AE044F4801401E044F4FE
:105AA00040147278824202D104F58014761C761C70
:105AB000307866280BD013DC582877D009DC002812
:105AC00075D04528F6D04628F4D047281AD193E15E
:105AD00018E0632835D0642879D0652812D18BE18D
:105AE000702873D008DC6728F1D069286FD06E2841
:105AF0000DD06F2806D1ACE073282CD0752874D057
:105B0000782853D05246179990476D1C54E1C4F33E
:105B10000250022809D003280DD0D8F8001004281C
:105B20000DD00D6008F1040846E1D8F80010EA171E
:105B3000C1E90052F6E7D8F800100D80F2E70D70C9
:105B4000F0E718F8041B8DF8001000208DF8010014
:105B5000EB46012003E058F804BB4FF0FF3061072B
:105B60004FF0000102D40DE009F101018946B9426C
:105B70000FDA8145F8DB1BF809100029F4D108E0A1
:105B800009F1010189468142FADB1BF8091000295D
:105B9000F6D103985346A0EB090721463846179AD9
:105BA00000F080FA284400EB090507E044E008E132
:105BB0000DE01BF8010B524617999047B9F1010906
:105BC000F7D2534621463846179AF2E039E00A21C7
:105BD000C4F302524FF0000B0091022A06D058F88D
:105BE000040BC117032A09D00AE023E008F10700DB
:105BF00020F00702F2E80201904605E000B2C1176A
:105C0000042A01D140B2C117002906DA0A46002150
:105C1000404261EB02012D2202E0220504D52B2235
:105C20008DF80420012203E0E20701D02022F7E7EB
:105C3000914657E00A2100E010214FF0000B00913F
:105C40000BE010214FF0000B44F0040408270091F2
:105C500003E008204FF0000B0090C4F30252022A28
:105C600005D058F8040B0021032A08D008E008F1F9
:105C7000070020F00702F2E80201904603E080B23C
:105C8000042A00D1C0B24FF0000922072AD5327889
:105C9000702A07D0DDF800C08CF0100C5CEA0B0C09
:105CA00005D00EE040228DF80420012208E050EAE1
:105CB000010306D030238DF804308DF80520022230
:105CC0009146009B83F0080353EA0B030AD150EA84
:105CD000010201D1620705D530228DF804204FF072
:105CE00001097F1E3278582A04D039A20C920CAADE
:105CF00002920BE03BA2F9E75B46009AFAF7DEFD61
:105D00000C9B9B5C029A521E0292137050EA010295
:105D1000F2D1029804A9081A00F1200B600702D5FD
:105D200024F4803400E001275F4502DDA7EB0B007F
:105D300000E0002000EB0B01009003984944401A5A
:105D40000390E00306D453462146179A039800F0C7
:105D5000A9F90544002706E001A85246C05D17993D
:105D600090476D1C7F1C4F45F6DBE0030CD5534676
:105D70002146179A039800F095F9054404E0302075
:105D80005246179990476D1C0099481E00900029B3
:105D9000F5DC08E00298029952460078491C02910D
:105DA000179990476D1CBBF10001ABF1010BF1DCC1
:105DB0005BE100F065F90544761C307800287FF43B
:105DC0000DAE19B02846BDE8F08F0000092801008B
:105DD0003031323334353637383961626364656661
:105DE0000000000030313233343536373839414223
:105DF0004344454600000000600700D4062708F130
:105E0000070020F00700F0E80223804603F0004C72
:105E10005FEA0C0001D097A009E0200501D596A00B
:105E200005E0E00701D095A001E0AFF24C0013902F
:105E3000307823F0004365280CD006DC452809D0D3
:105E400046281DD047287FD13BE0662818D0672818
:105E50007AD136E00021112F01DB112000E0781CFF
:105E6000CDE9000104A90CA8FFF7E6FCDDE90D016E
:105E70000C9A4FF0000B07F10109109200914EE0CF
:105E80004FF000400097CDE9011004A90CA8FFF7DE
:105E9000D3FCDDE90D020C9B0F994FF0000B9146EE
:105EA0001093009211B9791C00EB0109B7EB0900BE
:105EB00003D4C0F1FF3B07F10109A9EB07000190F2
:105EC00042E0012F00DA01270021112F01DD11200E
:105ED00000E03846CDE9000104A90CA8FFF7ACFCAE
:105EE000DDE90D010C9A00914FF0000BB9461092BC
:105EF00021070FD4009A4A4503DA914601E0A9F13F
:105F00000109B9F1010F05DD109AA9F10101515CF8
:105F10003029F4D0B84202DA10F1040F03DA01217B
:105F2000CDE9011010E0002803DC8344A9EB000157
:105F300002E0411C494500DD8946A0EB0B00401CF6
:105F400001904FF000400290200705D40198484589
:105F500002DB4FF0FF30019000208DF84B000298DB
:105F60000DF14B07B0F1004F25D002200C902B20F3
:105F70000D90029800280CDA404202902D200D90DE
:105F800007E00A210298FAF783FC3031029007F803
:105F9000011D0C99481E0C900029F2DC0298002883
:105FA000EFD1791E0D980870307800F0200040F095
:105FB000450007F8020D11A8C01BC01D02901398E0
:105FC000007800B1012000EB0901019801EBE071BC
:105FD000029801440398401A401E0390E00306D43F
:105FE00053462146179A039800F05CF8054413982D
:105FF000007818B15246179990476D1CE00323D5DD
:1060000053462146179A039800F04CF805441BE0CC
:10601000BBF1000F07DB0098584504DD1098179975
:1060200010F80B0001E01799302052469047019874
:106030000BF1010B401E05F10105019004D12E204A
:106040005246179990476D1CB9F10001A9F1010959
:10605000DEDC05E017F8010B5246179990476D1CDE
:106060000299481E02900029F4DC53462146179AF3
:1060700003989EE62D0000002B0000002000000089
:106080002DE9F041044600251E461746880404D435
:1060900005E039462020B0476D1C641EF9D528461E
:1060A000BDE8F0812DE9F041044600251E469046EA
:1060B000C80301D5302700E02027880404D505E077
:1060C00041463846B0476D1C641EF9D52846BDE8E8
:1060D000F0810A68531C0B60107070472DE9FE4F69
:1060E00006460F460025684601F03CFB002442E0CE
:1060F00056F8240057F82410A0EB010ABAF1000F5B
:1061000001DB514601E0CAF100010846FAF7F3FA53
:1061100083464FF08F41FAF728F980465DF8240056
:106120000021FAF7A1FB16D05DF824104046FAF7DB
:106130001CF982464FF07E51FAF7DFF8814629F0CC
:10614000004A0F48416A5046FAF798FB12D20120E4
:10615000A04005430EE00A48C1694046FAF784FBB7
:1061600005D30748016A4046FAF788FB02D20120AE
:10617000A0400543641C032CBADB2846BDE8FE8F13
:106180009C9300082DE9F04105460C462846FAF795
:10619000DEFA07466FF029022A21FCF7B0FF064617
:1061A000FAF7A9FA0349086084F000400249086040
:1061B000BDE8F08124000020280000202DE9F04DEA
:1061C0008D4F21F0004A86B005460C46BA452ADBC1
:1061D000AAEB070028430AD08848824501DC1AD17F
:1061E000CDB106B02846BDE8F04DFFF7F6BA844AB7
:1061F000844B2846FAF79EF907460E46824A834B9F
:1062000028462146FAF796F906B03A463346BDE8E5
:10621000F04DFAF7E8B80120FFF708FB06B0BDE83B
:10622000F04DFFF7DFBA7A48824542DABAF1795F7A
:106230000BDA2846FFF768FA042808BFFFF7D8FAF8
:10624000284606B02146BDE8F08D2A460B4610468A
:10625000FAF770F9834602466E480E460B46062151
:106260007844FFF765FA5A463346FAF763F98046F1
:1062700069488A465A46334604217844FFF758FA5B
:106280005A463346FAF756F900223B46FAF7ABF87E
:1062900002460B4640465146FAF7BEF92A462346C7
:1062A000FAF748F906B02A462346BDE8F04DFAF75A
:1062B0009AB8284624F0004100223D463B46FAF7B2
:1062C00036F94FF0FF32FAF73DFC064602465348D6
:1062D0000F460B4606217844FFF72AFA32463B4622
:1062E000FAF728F9CDE900014D4832463B46042132
:1062F0007844FFF71DFA32463B46FAF71BF90022B5
:106300002B46FAF770F8834602913046394602F080
:10631000BBFF804643480D46504517DCDDE90001D0
:106320005A46029BFAF778F942462B46FAF702F9E9
:1063300042462B46FAF757F80122FAF703FC304A97
:10634000304BFAF7F1F8304A304B4CE04FF0000A8E
:1063500052460B464046FAF746F8CDE9031052463E
:106360002B4610461946FAF7E5F832463B46FAF74F
:10637000DEF8DDE90332FAF74FF906460F46DDE9AC
:1063800000015A46029BFAF747F983460091012221
:1063900030463946FAF7D6FB194A1A4BFAF7C7F8CE
:1063A00006460F46012240462946FAF7CBFB5A46DD
:1063B000009BFAF7BFF832463B46FAF7B5F80646B7
:1063C0000F46012250462946FAF7BCFB0E4DDFF876
:1063D00058802A464346FAF7AAF832463B46FAF76F
:1063E000A6F82A464346FAF7A2F8002CD8BF81F057
:1063F000004106B0BDE8F08D0000F03F0000F07FE6
:10640000075C143326A6913C182D4454FB21F93F18
:106410000000E03F143E00002A3E00009E3D0000C8
:10642000B43D00003333EF3FFB21E93F2DE9F84F46
:1064300004460D4621F0004000917349814211DC71
:106440007249884201DC06D12CB120462946BDE8BC
:10645000F84FFFF7C2B96E48002DCCBF6D496E49A9
:10646000BDE8F88F6D49814211DD6D498142D8BF89
:106470004FF0FF366DDD20462946FFF745F9042829
:1064800008BFFFF7B5F920462946BDE8F88F6549F2
:10649000654F25F00045814233DD6449814219DDB5
:1064A000002632464FF0804320462946F9F79BFFED
:1064B00080468A46012220462946FAF743FB0022FD
:1064C0003B46FAF731F842465346FAF7A5F8044638
:1064D0000D463EE001260022BA463B4620462946AC
:1064E000F9F781FF80460F46002253462046294691
:1064F000FAF71AF842463B46FAF78EF804460D467C
:1065000027E04B4981421BDDDFF828A1022600224B
:10651000534620462946FAF70DF800223B46F9F784
:1065200062FF80460F460022534620462946F9F76F
:10653000FBFF42463B46FAF76FF804460D4608E07B
:10654000032622462B4600203B49FAF765F804460D
:106550000D4622462B4610461946F9F7EBFF8B46AF
:10656000824602460B46F9F7E5FF074602463348E6
:1065700088460B4606217844FFF7DAF852465B4618
:10658000F9F7D8FF82462E488B463A464346052106
:106590007844FFF7CDF83A464346F9F7CBFF024679
:1065A0000B46002E504659460CDAF9F71CFF2246DE
:1065B0002B46F9F7BFFF01B022462B46BDE8F04F4E
:1065C000F9F7B5BFF9F70FFF22462B46F9F7B2FFEF
:1065D0001C4A7A4402EBC603D3E90023F9F7A4FF6F
:1065E00022462B46F9F7A0FF174A7A4402EBC6036E
:1065F000D3E90023F9F79BFF009A002AB8BF81F086
:106600000041BDE8F88F0000000010440000F07F5A
:10661000182D4454FB21F93FFB21F9BF0000DC3F5A
:106620000000203E0000F33F0000F03F0000E63F86
:10663000008003400000F83F0000F0BFB63B0000C0
:10664000743B0000123B0000DA3A00002DE9F04DE7
:106650009446CCF1000423F000464CEA0404594F60
:1066600046EAD4749A46884621F00042BC4206D8D5
:10667000454240EA050442EAD474BC4204D9BDE86C
:10668000F04D6246FFF7ACB8AAF14055A5F17F6521
:1066900055EA0C040BD0022404EAAA744A4DDFF830
:1066A0002CE144EAD87452EA000B04D00CE0BDE8B7
:1066B000F04DFFF7BBBE002C14BF012CBDE8F08DE0
:1066C000022C30D0032C32D056EA0C0B0AD0BE423A
:1066D00020D1BA4209D126F0804622F080423346CA
:1066E000114617E000291ADB25E0DFF8E4B0FB448F
:1066F000002C04BFDBE90001BDE8F08D012C02BFD6
:10670000DBE9000181F00041BDE8F08D022C0AD0E8
:10671000032C0CD0BA4212D1B8F1000F0BDA2A4880
:106720002C49BDE8F08D28462B49BDE8F08D284660
:106730007146BDE8F08D24482849BDE8F08D921BD4
:1067400012153C2AC4BF204F244E10DCBAF1000FB2
:10675000BEBF12F13C0F00273E4608DB6246F9F748
:106760005BFF21F00041FFF761FE07460E4694B142
:10677000012C08BF86F000460DD0194A194B022C97
:106780003846314615D0F9F7CFFE2A46BDE8F04D20
:10679000114BF9F7C9BE0022134638463146FAF7C5
:1067A0002FF804BF0220FFF741F838463146BDE814
:1067B000F08DF9F7B9FE2A46BDE8F04D064BF9F722
:1067C000B6BE00000000F07F182D4454FB2109C024
:1067D0006E3A0000FB21F9BFFB210940FB21F93F84
:1067E000075C143326A6A13C30B583B00446FFF7FE
:1067F00007F805460020CDE900000246214668461C
:10680000FAF7D9F82846FFF711F8DDE9000103B0DF
:1068100030BD000000B587B001210805FDF708F87C
:1068200001213020FDF724F84FF48050ADF8180016
:1068300018208DF81B0003208DF81A0006A91D48AA
:10684000FBF7A4FA0420ADF818008DF81B0006A988
:106850001948FBF79BFA35208DF8040000208DF8CD
:10686000050001208DF806008DF8070001A8FCF74F
:10687000F7FB4FF4165002900020ADF80C00ADF875
:106880000E00ADF81000ADF814000C20ADF81200A9
:1068900002A90A48FEF748FD012240F225510748A7
:1068A000FEF71CFD01210548FEF7D5FCFCF710F8AA
:1068B00007B000BD0010014000140140005000402E
:1068C00010B54FF4A060FCF703FC00F0F7F80220CD
:1068D000FCF726F80120FCF723F801F0E3FA01F0B9
:1068E000C5FAFCF7EDFAFAF7EFFC00214FF434603B
:1068F000FAF700FDFBF78EF9FBF7DAF94FF4E13018
:1069000002F0E8FC4FF4967000F0FEF8FBF720FE72
:10691000FCF756FBFAF7B8FFFAF79EFD4FF4E130AB
:10692000FEF71AFC4FF4E130FEF7A6FBFFF772FF0B
:10693000FDF786FE10BD00002348008858B92348A3
:106940000088B0F5967F3DDD0020204908800120B9
:106950001D49088036E01D480088142832DD0020DB
:106960001A4908801A48007840B91A48006808B9DE
:10697000012000E00020174908600BE0164800687D
:1069800008B9012000E000201349086001201349E4
:10699000C1F88C0112480088401C11490880084643
:1069A000008806280ED10A48007818B90020094945
:1069B000086002E0002008490860002008490880BB
:1069C0000149088070470000C0000020C40000207A
:1069D000C60000208C812142AC012142008021426E
:1069E000C20000200146242905D10122154B1A704E
:1069F0000022154B1A60134A1278012A03D1134A58
:106A0000114B1B68D1540F4A1278012A0AD123294D
:106A100008D10F4B1A7000220A4B1A700A4A1268EA
:106A20000C4B1A60084A1268521C074B1A601A462F
:106A30001268502A05DB00221A60024B1A70044BC0
:106A40001A707047400200203C020020840500209C
:106A500038020020440200202DE9F0410446E0788D
:106A600000F0C006E07800F03F05607800F001001B
:106A700098B1EF102846E91705EB5171C910A5EB45
:106A8000C101491C01F0FF080B48006820B10A4809
:106A9000414602683846904700BF607800F0080021
:106AA00030B10548406818B1B011034A51688847B1
:106AB0000020BDE8F08100009002002010B50E48D3
:106AC00000680E49B0FBF1F0C4B26FF00400FDF7AE
:106AD000D4FBE11704EB5171C910094A117010463B
:106AE000007800EB4001C1EBC0104FF6FF7101EAE6
:106AF000C0000449088010BD4C00002040420F0037
:106B0000740000207600002001460D4A12884A4396
:106B10004FF0E0235A6100229A6101221A6100BFFE
:106B20004FF0E022106900F001021AB100F4803247
:106B3000002AF5D000224FF0E0231A619A617047D5
:106B4000760000200349088000BF02490988002917
:106B5000FBD17047BE00002001460D4A12784A431F
:106B60004FF0E0235A6100229A6101221A6100BFAE
:106B70004FF0E022106900F001021AB100F48032F7
:106B8000002AF5D000224FF0E0231A619A61704785
:106B90007400002038B5044664B120208DF8000050
:106BA00028208DF8010030208DF8020038208DF863
:106BB000030004E0A32204216846F9F71AFB6A46A1
:106BC000042140F69E2002F0A5F901F095FD38BDA4
:106BD0003EB5044602208DF80000CA208DF8010061
:106BE000E3208DF8020009208DF803006A46042195
:106BF000682002F08FF9A3208DF8000004F0400017
:106C000048B1C0208DF80100C8208DF80200C220D4
:106C10008DF8030006E0A3208DF801008DF8020036
:106C20008DF8030004F4C07048B1C4208DF804004E
:106C3000CC208DF80500C6208DF8060006E0A320C4
:106C40008DF804008DF805008DF80600A3208DF85E
:106C500007008DF808008DF809006A460A2140F601
:106C6000A72002F057F904F0030018B120208DF896
:106C7000000002E0D8208DF800006A46012140F6AD
:106C8000B62002F047F904F0200018B1012000F00E
:106C9000ADF802E0002000F0A9F804F4C07008B3D9
:106CA00004F4807060B1B2208DF800008B208DF864
:106CB0000100B6208DF802009B208DF803000BE048
:106CC000B0208DF8000080208DF80100B4208DF8F0
:106CD000020090208DF803006A46042140F6A220AD
:106CE00002F018F904F0010020B3F8208DF800003C
:106CF0006A4601214FF40B6002F00CF9FA210720DB
:106D000000F02CFC072000F0F3FB012000F013FC46
:106D1000642000F0F3FC4FF4FA7000F002FDC8218B
:106D2000304800F0A3FB282000F0BCFB0A2000F054
:106D3000CCFB08E0D8208DF800006A4601214FF412
:106D40000B6002F0E7F804F0020018B1D9208DF8CA
:106D5000000002E0D8208DF800006A46012140F2D0
:106D60003D7002F0D7F804F0040018B1012000F0E3
:106D700069F802E0002000F065F804F0100018B196
:106D80000120FFF707FF02E00020FFF703FF44F0B8
:106D900008001549488101F0AFFC002012498873B2
:106DA00004F0400018B10846807B801D887304F40D
:106DB000C07020B10C48807B801D0B49887304F0A3
:106DC000140020B10848807B10300749887304F014
:106DD000030020B10448807B001D03498873002014
:106DE0003EBD000009E3CA02900200203EB5044601
:106DF0006CB10EA1D1E900208968CDE90020029193
:106E00006A4609214FF4976002F084F83EBD0AA259
:106E1000D2E900109268CDE9010200916A46092189
:106E20004FF4976002F076F8F0E70000B8AAB38D4F
:106E3000B4980D355D000000B8AAAAAAB088C3C5F1
:106E4000C700000038B5044664B1C0208DF80000CA
:106E5000C2208DF80100C4208DF80200C6208DF8F4
:106E6000030004E08B2204216846F9F7C2F96A4660
:106E7000042140F6982002F04DF801F03DFC38BDA9
:106E800010B5C8234FF48062024940F6F63001F095
:106E9000C7FA10BDC49300082DE9F04F8DB0074626
:106EA000884615469946DDE9166B0024002030809F
:106EB0006B49887B5A4605A901F07EFB18B1601E1C
:106EC0000DB0BDE8F08F6648807A00F0140000280D
:106ED00067D09DF8140000069DF8151040EA0140A7
:106EE0009DF8161040EA01209DF81710084328600D
:106EF0009DF8180000069DF8191040EA01409DF821
:106F00001A1040EA01209DF81B10084368609DF8A4
:106F10001C0000069DF81D1040EA01409DF81E105F
:106F200040EA01209DF81F100843A8609DF820004A
:106F300000069DF8211040EA01409DF8221040EA29
:106F400001209DF823100843E86004F11000C4B24A
:106F5000286800140190686800140290A868001462
:106F60000390E8680014049001984043029901FBE3
:106F70000100039901FB0100049901FB010ABAF128
:106F8000706F02DBBAF1885F05DD01F0B5FB002010
:106F90003080401E94E7B6F9000040F480703080E5
:106FA00000BF2F48807A00F0400020B305A9601C84
:106FB000085C095D40EA012000B2A8F8000005A9BC
:106FC000E01C095C05AAA01C105C41EA002000B28C
:106FD000A8F8020005A9601D095C201D105C41EAAB
:106FE000002000B2A8F80400A01DC4B2B6F9000049
:106FF00040F0080030801A48408900F4C07008B39F
:1070000005A9601C085C095D40EA012000B23880D7
:1070100005A9E01C095C05AAA01C105C41EA00203F
:1070200000B2788005A9601D095C201D105C41EA52
:10703000002000B2B880A01DC4B2B6F9000040F034
:10704000700030800648807A00F0030018B105A96E
:107050000819FFF701FD484602F008F800202FE765
:107060009002002070B588B0064601A801F02CF807
:10707000BDF804000021C90341EA5045C403444857
:10708000007A00F0030056F8200005904048007A8E
:1070900000F0040010B10598404205903C48007A89
:1070A000C0F3C10056F8200006903948007A00F07D
:1070B000200010B10698404206903548007AC0F38F
:1070C000811056F8200007903148008900F4807044
:1070D00010B10798404207900598C117A0FB042300
:1070E00001FB043100FB0510810041EA927005901C
:1070F0000698C117A0FB042301FB043100FB051017
:10710000810041EA927006900798C117A0FB042302
:1071100001FB043100FB0510810041EA92700790E9
:107120000598000E8DF808000598000C8DF80900F0
:107130000598000A8DF80A000598C0B28DF80B007A
:107140000698000E8DF80C000698000C8DF80D00C6
:107150000698000A8DF80E000698C0B28DF80F0050
:107160000798000E8DF810000798000C8DF811009C
:107170000798000A8DF812000798C0B28DF8130026
:1071800002AA0C214FF4257001F0C4FE08B070BDB6
:107190009002002030B585B0044616A207CA02ABA3
:1071A00007C3C82C03DD4FF0FF3005B030BDC82049
:1071B00090FBF4F0401E85B2280A8DF80000E8B27A
:1071C0008DF801006A46022140F2162001F0A2FE6D
:1071D00010B14FF0FF30E8E702AA0C2140F6C120C1
:1071E00001F098FE10B14FF0FF30DEE704488481D3
:1071F0000020DAE7FEF2ABC4AAF1DFDFBBAFDFDFCE
:10720000900200201FB504464848007A00F00300B1
:1072100054F8200001904548007A00F0040010B1B5
:107220000198404201904148007AC0F3C10054F8EF
:10723000200002903D48007A00F0200010B1029832
:10724000404202903948007AC0F3811054F820007F
:1072500003903648008900F4807010B103984042D2
:1072600003903349019880FB0101800F40EA8100BF
:1072700001902F49029880FB0110820042EA917030
:1072800002902B49039880FB0110820042EA917022
:1072900003900198000E8DF800000198000C8DF805
:1072A00001000198000A8DF802000198C0B28DF823
:1072B00003006A4604214FF4747001F02BFE18B1EC
:1072C0004FF0FF3004B010BD0298000E8DF80000A2
:1072D0000298000C8DF801000298000A8DF8020057
:1072E0000298C0B28DF803006A4604214FF475700D
:1072F00001F010FE10B14FF0FF30E3E70398000EED
:107300008DF800000398000C8DF801000398000A26
:107310008DF802000398C0B28DF803006A4604217C
:107320004FF4767001F0F6FDCCE7000090020020EB
:1073300009E3CA0210B586B0044647A0006803906E
:1073400046A00068029046A00068019045A0006831
:10735000009004F0030003A9085C8DF8140003A852
:10736000C4F3C101405C8DF8150003A8C4F381117A
:10737000405C8DF8160004F0030002A9085C8DF84B
:10738000100002A8C4F3C101405C8DF8110002A8EE
:10739000C4F38111405C8DF8120005AA032140F26C
:1073A000264001F0B7FD18B14FF0FF3006B010BD18
:1073B00004AA032140F22A4001F0ACFD10B14FF0C5
:1073C000FF30F3E7019805900098049004F0040062
:1073D00058B19DF8140040F001008DF814009DF89C
:1073E000100040F001008DF8100004F0200058B1AA
:1073F0009DF8150040F001008DF815009DF8110072
:1074000040F001008DF8110004F4807058B19DF82F
:10741000160040F001008DF816009DF8120040F0B3
:1074200001008DF8120005AA03214FF4886001F0D5
:1074300071FD10B14FF0FF30B8E704AA032140F20C
:10744000314001F067FD10B14FF0FF30AEE7064864
:1074500004810020AAE700004CCD6C000CC92C0070
:10746000365676002646660090020020F8B505469E
:107470000E464FF47A7095FBF0F000FB06F4200EF8
:107480008DF80000200C8DF80100200A8DF8020014
:10749000E0B28DF803006A4604214FF4AE7001F0AB
:1074A00039FDF8BD38B50446052094FBF0F084B2F0
:1074B00020128DF80000E0B28DF801006A4602212A
:1074C0004FF4AD7001F026FD38BD38B504460520F7
:1074D00094FBF0F084B220128DF80000E0B28DF839
:1074E00001006A4602214FF4AC7001F013FD38BD73
:1074F00038B504460020009004F0010020B19DF84A
:10750000000040F03000009004F0020020B19DF82F
:10751000000040F00C00009004F0040020B19DF841
:10752000000040F0030000906A4601214FF4A4706F
:1075300001F0F0FC38BD38B50446012C01DA012415
:1075400002E0042C00DD0424601EC0B200906A46F4
:10755000012140F24F1001F0DDFC38BD2DE9FC4760
:1075600006460F4606F0070010B1B7F5C86F03DDF9
:107570004FF0FF30BDE8FC873846F9F7C5F8814683
:107580005949F8F7F2FE8046684600F077FD9DF80D
:107590000000022806D0042816D0082826D010287B
:1075A00048D135E04FF08D414046F8F7ACFE8146BA
:1075B000F9F7E6F884B24D494046F8F7A4FE814653
:1075C000F9F7DEF885B238E04FF08C414046F8F725
:1075D0009AFE8146F9F7D4F884B245494046F8F757
:1075E00092FE8146F9F7CCF885B226E04FF08B4148
:1075F0004046F8F788FE8146F9F7C2F884B23D4963
:107600004046F8F780FE8146F9F7BAF885B214E0F3
:107610004FF08A414046F8F776FE8146F9F7B0F818
:1076200084B235494046F8F76EFE8146F9F7A8F86E
:1076300085B202E04FF0FF309CE700BF20128DF8CA
:107640000400E0B28DF8050028128DF80600E8B2BB
:107650008DF8070006F00100A0B101AA02214FF445
:10766000EA7001F057FC10B14FF0FF3082E70DF1E6
:10767000060202214FF4927001F04CFC10B14FF061
:10768000FF3077E706F00200A0B101AA02214FF413
:10769000EC7001F03FFC10B14FF0FF306AE70DF1E4
:1076A000060202214FF4947001F034FC10B14FF047
:1076B000FF305FE706F00400A0B101AA02214FF4F9
:1076C000EE7001F027FC10B14FF0FF3052E70DF1E2
:1076D000060202214FF4967001F01CFC10B14FF02D
:1076E000FF3047E7002045E70000484300004046E0
:1076F0000000C045000040450000C04438B50446C5
:10770000052094FBF0F085B228128DF80000E8B255
:107710008DF801006A4602214FF4EF7001F0FAFB88
:1077200038BD38B50446052094FBF0F085B2281228
:107730008DF80000E8B28DF801006A4602214FF48E
:10774000ED7001F0E7FB38BD00BF054A128802F07A
:107750004002002AF9D0C2B2014B1B1D1A807047AB
:10776000003801407CB5054628494968087801ABD6
:1077700004220D2100F00EFB08B107207CBD9DF80E
:107780000700C0F301109DF8041001F0E00140EA89
:10779000E1008DF800009DF80700C0F381009DF81E
:1077A000051001F0E00140EAE1008DF801009DF8CC
:1077B000070000F003009DF8061001F0E00140EA28
:1077C000E1008DF8020000241CE01DF8040018B947
:1077D000002045F8240013E00D4845F8240006E099
:1077E00055F824000B49F8F78EFD45F824001DF8E4
:1077F0000400401EC0B20DF804000028F0D100BF04
:10780000601CC4B2032CE0DB0020B7E71C010020A1
:107810007B14AE3E1D5A843F2DE9F04F87B00546DC
:107820000C46914601208DF8100000208DF81100C3
:10783000FE4A1268917CFD4A5268107804AB02221D
:1078400000F0E3FA20B14FF0FF3007B0BDE8F08F51
:10785000C820FFF759F900208DF81000F34A12688C
:10786000D17BF24A5268107804AB012200F0CDFAC5
:1078700010B14FF0FF30E8E7EC4A12685179EB4A5B
:107880005268107804AB012200F0BFFA10B14FF03B
:10789000FF30DAE7E54A1268917CE44A52681078D2
:1078A00004AB012200F0B1FA10B14FF0FF30CCE789
:1078B000DE4A1268D17DDD4A5268107804AB01229D
:1078C00000F0A3FA10B14FF0FF30BEE7D74A1268BC
:1078D0001179D64A5268107804AB012200F095FA6B
:1078E00010B14FF0FF30B0E70C208DF81000CF4AF8
:1078F00012681179CD4A5268107804AB012200F069
:1079000084FA10B14FF0FF309FE70F20FFF7FCF82B
:10791000C648806A407A8DF81000C44A126891788F
:10792000C24A5268107804AB012200F06EFA10B11E
:107930004FF0FF3089E7BD48806A007A8DF810006B
:10794000BA4A12685178B94A5268107804AB0122D9
:1079500000F05BFA10B14FF0FF3076E7B9F1000F9D
:1079600007D0B248806A807A40F0E0008DF81000BD
:1079700004E0AE48806A807A8DF81000AB4A126845
:107980009179AA4A5268107804AB012200F03DFABE
:1079900010B14FF0FF3058E7B9F1000F07D0A348FE
:1079A000806AC07A40F0E0008DF8100003E0A04843
:1079B000C07A8DF810009D4A1268D1799B4A5268AE
:1079C000107804AB012200F020FA10B14FF0FF3024
:1079D0003BE7B9F1000F02D0C820FFF795F840202F
:1079E0008DF81000914A12681179904A5268107807
:1079F00004AB012200F009FA10B14FF0FF3024E788
:107A000078208DF81000894A12685179874A5268A7
:107A1000107804AB012200F0F8F910B14FF0FF30FC
:107A200013E783498889FFF76FF800208DF810006D
:107A30007E4A126851797D4A5268107804AB01225F
:107A400000F0E3F910B14FF0FF30FEE6774A12681C
:107A5000917A764A5268107804AB022200F09AF9C3
:107A600010B14FF0FF30F0E69DF811009DF81010B6
:107A700040EA012B0C209BFBF0F0C6B20020A8606E
:107A800068602860A06060602060824665E0674AA8
:107A90001268D17A654A5268107804AB0C2200F063
:107AA00079F910B14FF0FF30CFE69DF811009DF845
:107AB000101040EA012000B2ADF808009DF8130054
:107AC0009DF8121040EA012000B2ADF80A009DF8BE
:107AD00015009DF8141040EA012000B2ADF80C002A
:107AE000BDF90810206808442060BDF90A106068DC
:107AF00008446060BDF90C10A0680844A0609DF8BF
:107B000017009DF8161040EA012000B2ADF8000001
:107B10009DF819009DF8181040EA012000B2ADF858
:107B200002009DF81B009DF81A1040EA012000B2E7
:107B3000ADF80400BDF90010286808442860BDF9BC
:107B40000210686808446860BDF90410A868084419
:107B5000A8600AF1010000F0FF0AB24597DB344843
:107B6000D0F800C02868C117090441EA1041070491
:107B7000624600233846F8F7F9FA32460023CDE989
:107B80000201F8F7F3FA28602948D0F800C06868C5
:107B9000C117090441EA1041070462460023384630
:107BA000F8F7E4FA32460023CDE90201F8F7DEFAED
:107BB00068601F48D0F800C0A868C117090441EAEE
:107BC00010410704624600233846F8F7CFFA3246E0
:107BD0000023CDE90201F8F7C9FAA8601448D0F8EB
:107BE00004C02068C117090441EA10410704624635
:107BF00000233846F8F7BAFA32460023CDE90201ED
:107C0000F8F7B4FA20600A48D0F804C06068C117D9
:107C1000090441EA10410704624600233846F8F798
:107C2000A5FA32460023CDE9020103E01C01002041
:107C30009C930008F8F79AFA60601148D0F804C0E5
:107C4000A068C117090441EA1041070462460023F5
:107C50003846F8F78BFA32460023CDE90201F8F7EF
:107C600085FAA060A068002804DDA068A0F5803037
:107C7000A06003E0A06800F58030A0600020E4E58B
:107C80009C9300082DE9FC5F06460F4600253D4900
:107C90004968087801AB03220D2100F07BF810B190
:107CA0000720BDE8FC9F9DF8040000F01F008DF840
:107CB00004009DF8050000F01F008DF805009DF8F8
:107CC000060000F01F008DF80600002456E056F86C
:107CD000240057F82410A0EB010BBBF1000F01DBCF
:107CE000594601E0CBF100010846F8F704FD4FF0DA
:107CF0008F410090F8F739FB814601A8005D68B319
:107D000021490868F8F700FD834659461F48F8F7EF
:107D10002CFB804604E01E494046F8F7F4FA804602
:107D200001A8005D401EC0B201A908550028F2D18B
:107D300041464846F8F719FB83464FF07E51F8F765
:107D4000DCFA82462AF0004B0F4881695846F8F762
:107D500095FD12D20120A04005430EE00A480169BA
:107D60004846F8F781FD05D3074841694846F8F7CA
:107D700085FD02D20120A0400543641C032CA6DB34
:107D800028468EE71C0100209C93000800B04C455B
:107D900054E3853F2DE9F04106460F4614461D4643
:107DA000FAF77CFC10B90120BDE8F0817106080EDD
:107DB000FAF742FCFAF7CAFC18B9FAF7A3FC01205B
:107DC000F2E73846FAF738FCFAF7C0FCFAF766FC37
:107DD000012101EB4601C8B2FAF72EFCFAF7B6FC16
:107DE0000DE0012C04D10020FAF7EEFB287003E02F
:107DF0000120FAF7E9FB28706D1C601EC4B2002C4C
:107E0000EFD1FAF77FFC0020CEE72DE9F0410546DF
:107E10000E4617469846FAF741FC10B90120BDE816
:107E2000F0816906080EFAF707FCFAF78FFC18B91B
:107E3000FAF768FC0120F2E73046FAF7FDFBFAF7A3
:107E400085FC00240BE018F80400FAF7F5FBFAF7BC
:107E50007DFC18B9FAF756FC0020E0E7641CBC4230
:107E6000F1DBFAF74FFC0020D9E7000008B501214B
:107E70000420FBF7FDFC4FF40060ADF8000010207B
:107E80008DF8030002208DF8020069460348F9F7D7
:107E90007DFF00200249086008BD00000008014085
:107EA000AC01214208B501210820FBF7E1FC0820C4
:107EB000ADF8000010208DF8030002208DF80200BC
:107EC00069460348F9F762FF00200249086008BDCF
:107ED000000C01408C81214270B50546284600F017
:107EE0000FF80446E81C00F00BF844EAC00084B226
:107EF000A81D00F005F844EA801084B2204670BD49
:107F0000014691F90020002A01DD00201EE091F9D0
:107F10000020002A01DA042018E091F90120002A4B
:107F200001DD012012E091F90120002A01DA05208B
:107F30000CE091F90220002A01DD022006E091F90F
:107F40000220002A01DA062000E007207047000026
:107F5000002025490860FEF7B3FC244924A0FDF762
:107F6000AFFBFAF7F5FF012001F06EF8002022497F
:107F7000087037E001F0EEF82048007818B1FBF700
:107F800035FBFBF759F91E480078012804D1002081
:107F90001B490870FBF7D4FE0120FAF7A5FF10B1CA
:107FA0000120184908701848007801280CDD154890
:107FB0000078012808D1002013490870FBF7B4FFAE
:107FC000FBF71AFFFBF7DCFEFAF7A4FC50B1FAF757
:107FD000DFF90446FAF7F4F905462146FBF798F86D
:107FE000F9F7DAFBC6E70000200000202E00002091
:107FF00025730D0A000000002C000020380200202C
:10800000C80000202D000020C700002070B50446E5
:10801000002624F00104184890F8240008B100203C
:1080200070BD1548807A10B94FF0FF30F8E712485C
:10803000057C807A2040104908740846007CA042E4
:1080400002D04FF0FF3600E0002614B90A48007D48
:1080500018B1012001F0B0F802E0002001F0ACF806
:108060003CB100F049FB20B1034805744FF0FF30EC
:10807000D6E73046D4E700001C0100200146114835
:10808000407A30B1012807D0022808D003280CD14B
:1080900008E0022008700BE00420087008E00820C7
:1080A000087005E01020087002E04FF0FF307047C4
:1080B00000BF0448C07C18B108784006000E087064
:1080C0000020F4E71C01002001461348407A30B13B
:1080D000012808D002280AD0032810D10BE04FF461
:1080E000804008800EE041F69C7008800AE04FF462
:1080F0008050088006E04FF40060088002E04FF0F6
:10810000FF30704700BF0448C07C10B108884010A1
:1081100008800020F5E700001C010020014602480D
:10812000007C0870002070471C01002001460F48A9
:10813000007A30B1012807D0022809D003280FD1D6
:108140000AE0FA2008800EE04FF4FA7008800AE096
:108150004FF47A70088006E04FF4FA60088002E07D
:108160000020088000BF00BF002070471C010020D5
:1081700001460E48007A30B1012807D0022808D005
:1081800003280CD108E00A4808600BE009480860A1
:1081900008E00948086005E00848086002E04FF080
:1081A000FF30704700BF0020FBE700001C010020EB
:1081B00000000343000083423333034233338341DF
:1081C00001461248C07A082817D2DFE800F01704E9
:1081D000070A0D101318BC20088013E062200880E5
:1081E00010E02A2008800DE0142008800AE00A2010
:1081F000088007E00520088004E000BF00BF0020E1
:10820000088000BF00BF0020704700001C01002054
:108210000146064890F8240010B14FF0FF30704737
:108220000248C08908800020F9E700001C010020F6
:108230001CB580208DF80000654A1268917C644A64
:10824000526810786B460122FFF7DFFD10B14FF046
:10825000FF301CBD6420FEF757FC00208DF80000A5
:108260005B4A1268917C5A4A526810786B46012228
:10827000FFF7CBFD10B14FF0FF30EAE7544A126828
:10828000917D534A526810786B460622FFF782FDB3
:1082900010B14FF0FF30DCE79DF80500C007400F3C
:1082A0009DF8031001F0010140EA41009DF8011022
:1082B00001F0010140EA010494B1012C03D1012134
:1082C0004348C17431E0022C03D100214048C174FD
:1082D0002BE021463FA0FDF7F3F94FF0FF30B8E760
:1082E0003B4A1268D1783A4A526810786B460122AC
:1082F000FFF750FD10B14FF0FF30AAE79DF80000E6
:1083000000F00F042CB93D48FDF7DAF94FF0FF30CB
:108310009FE7042C06D13AA0FDF7D2F901212C48A1
:10832000C17402E000212A48C174FF2128488172EB
:10833000FF2027490872FF2125484172C1724FF67C
:10834000FF71C181FF21017481740121017380F8E3
:108350002210002180F8231041750175163001604C
:1083600041608160163880F8241080F82510C1849F
:108370004FF4FA6000F05CFC10B14FF0FF3068E79A
:10838000022000F025FB10B14FF0FF3061E72A20FA
:1083900000F0C8FC10B14FF0FF305AE7322000F077
:1083A00003FD10B14FF0FF3053E70020FFF72EFE22
:1083B00010B14FF0FF304CE7002000F04BFB10B144
:1083C0004FF0FF3045E7002000F03CFD002040E783
:1083D0001C010020556E737570706F727465642097
:1083E000736F6674776172652070726F6475637401
:1083F000207265762025642E0A000000A8A10008DE
:1084000048616C662073656E736974697669747906
:10841000207061727420666F756E642E0D0A000004
:108420002DE9F04385B005460E4690469946294809
:1084300090F8250020B14FF0FF3005B0BDE8F08383
:1084400016B94FF0FF30F8E7002423E0281B10286E
:1084500001DD102000E0281B87B232193946204682
:1084600000F058FD10B14FF0FF30E6E701AA3946A1
:10847000204600F001F910B14FF0FF30DDE7301970
:108480003A4601A9F7F7DAFE10B16FF00100D4E720
:10849000E01984B2AC42D9DB4FEA28208DF8000005
:1084A00008F0FF008DF801000A4A1268917E094A1F
:1084B000526810786B460222FFF7A7FC10B14FF00C
:1084C000FF30BAE70121034880F82510A0F8269074
:1084D0000020B2E71C01002038B50446282C02DD3C
:1084E0004FF0FF3038BDDCB9002000F0E5FB002084
:1084F0008DF8000007208DF801002E4A1268917C4B
:108500002C4A526810786B460222FFF77EFC10B1AD
:108510004FF0FF30E6E70021264801750020E1E733
:10852000012000F0C9FB20208DF80000012C06D1AD
:1085300000208DF80100052000F0F4FB17E0052C69
:1085400006DC01208DF80100052000F0EBFB0EE0B9
:10855000142C06DC02208DF801000A2000F0E2FB5A
:1085600005E003208DF80100142000F0DBFB9DF8EE
:108570000100072101EB8010C0B28DF801000D4A07
:108580001268917C0B4A526810786B460222FFF702
:108590003CFC10B14FF0FF30A4E708210548817280
:1085A00000210173012101750020FFF72FFD00203C
:1085B00098E700001C010020F8B504460F46164657
:1085C0002C4890F8240010B94FF0FF30F8BD29482E
:1085D000807A10B94FF0FF30F8E7264A1268917A96
:1085E000244A526810786B460222FFF7D3FB10B181
:1085F0004FF0FF30EAE79DF801009DF8001040EAD7
:108600000125A54203DA00203070401EDEE719483C
:1086100040684088B5EB600F17DD164A1268517C40
:10862000144A526810786B460122FFF7B3FB10B171
:108630004FF0FF30CAE79DF8000000F0100020B1B5
:1086400000F05AF86FF00100C0E7E2B2094B1B6876
:10865000D97A084B5B6818783B46FFF79BFB10B153
:108660004FF0FF30B2E795FBF4F0401E3070002071
:10867000ACE700001C010020F8B504460D46164684
:1086800016B94FF0FF30F8BD1A48807A10B94FF094
:10869000FF30F8E720128DF80000E0B28DF80100FD
:1086A0009DF801002844134949684989884202DD40
:1086B0004FF0FF30E7E70F4A1268117E0D4A52680B
:1086C00010786B460222FFF7A0FB10B14FF0FF308D
:1086D000D9E7EAB2074B1B68597D064B5B681878EF
:1086E0003346FFF757FB10B14FF0FF30CBE70020C8
:1086F000C9E700001C01002008B56D48807A10B958
:108700004FF0FF3008BD00200090694A1268D17B0D
:10871000674A526810786B460122FFF776FB10B16A
:108720004FF0FF30EEE7624A12685179604A5268B2
:1087300010786B460122FFF768FB10B14FF0FF3055
:10874000E0E75B4A12681179594A526810786B4623
:108750000122FFF75AFB10B14FF0FF30D2E7544827
:1087600090F82400002850D00C200090504A126845
:1087700011794F4A526810786B460122FFF745FB8A
:1087800010B14FF0FF30BDE7C02000904848807A1C
:1087900000F0010020B19DF8000040F020000090A2
:1087A000434A12681179424A526810786B46012296
:1087B000FFF72BFB10B14FF0FF30A3E73C48407CA4
:1087C00010B10220009001E000200090384A1268A9
:1087D000D17B374A526810786B460122FFF715FBB0
:1087E00010B14FF0FF308DE700200090304A126842
:1087F00051792F4A526810786B460122FFF705FB2A
:10880000002852D04FF0FF307CE704200090284A27
:1088100012681179264A526810786B460122FFF7D8
:10882000F4FA10B14FF0FF306CE72148807C20B99A
:108830001F48807A00F0010010B94020009001E04C
:10884000602000901A4A12681179194A526810780B
:108850006B460122FFF7D9FA10B14FF0FF3051E714
:108860001348407C10B10120009001E000200090EE
:108870000F4A1268D17B0E4A526810786B4601226B
:10888000FFF7C3FA10B14FF0FF303BE7084A126818
:108890005179074A52681078054B10330122FFF7CF
:1088A000B4FA10B14FF0FF302CE700202AE70000A7
:1088B0001C0100202DE9F04F8DB083460F460220A9
:1088C0000C90424890F8240020B1002000F068F994
:1088D000012600E0002603A8FFF728FC05A8FFF703
:1088E000CDFB01A8FFF76CFC02A8FFF791FC37480D
:1088F00090F80AA004A8FFF711FC002407E000226A
:1089000039465846FEF788FF00B902E0641C022C85
:10891000F5DB00BF022C01D1002528E0002407E090
:10892000012206A909A8FEF777FF00B902E0641C3E
:10893000022CF5DB00BF022C01D1002517E006A9AF
:108940003846FDF7CBFB00F0FF0809A95846FFF7B2
:1089500099F900F0FF090025B9F1000F01D145F0A8
:108960000105B8F1000F01D145F0020500BFFF205D
:1089700016490872FF2115484172C1724FF6FF7106
:10898000C181FF218172017401210173BDF80C00C6
:1089900000F04EF99DF8140000F01AF8BDF804003C
:1089A00000F0C0F9BDF8080000F0FEF9504600F0F4
:1089B00049FA9DF81000FFF729FB16B1012000F0DD
:1089C000EFF828460DB0BDE8F08F00001C01002034
:1089D00038B504461E48807A10B94FF0FF3038BDD4
:1089E000022C06D0042C07D0082C08D0102C0CD157
:1089F00008E0002000900BE00820009008E0102024
:108A0000009005E01820009002E04FF0FF30E6E70C
:108A100000BF0F48407A9DF80010B0EBE10F01D184
:108A20000020DCE70A4A1268D179094A52681078B6
:108A30006B460122FFF7E9F910B14FF0FF30CEE7A6
:108A40009DF80000C110024841720020C7E70000F5
:108A50001C01002038B504465048807CA04201D15A
:108A6000002038BD002C46D04C4A126811794B4A80
:108A7000526810786B460122FFF78CF910B14FF065
:108A8000FF30EEE79DF8000020F020000090434A00
:108A900012681179414A526810786B460122FFF73B
:108AA000B4F910B14FF0FF30DBE70320FEF72CF8EC
:108AB00002200090394890F8220020B19DF8000073
:108AC00040F080000090354890F8230020B19DF8D8
:108AD000000040F030000090304A1268117D2F4AAB
:108AE000526810786B460122FFF78FF9002851D0A9
:108AF0004FF0FF30B5E7294A12681179274A5268CA
:108B000010786B460122FFF745F910B14FF0FF30A6
:108B1000A7E72248807A00F0010028B19DF8000004
:108B200040F02000009004E09DF8000020F02000BC
:108B300000901A4A12681179184A526810786B46E8
:108B40000122FFF762F910B14FF0FF3089E70320EF
:108B5000FDF7DAFF114890F8220010B18020009054
:108B600001E0002000900D4890F8230020B19DF80E
:108B7000000040F030000090084A1268117D074A5A
:108B8000526810786B460122FFF73FF910B14FF0A1
:108B9000FF3066E701488474002062E71C01002072
:108BA00038B50446214890F82400A04201D10020A5
:108BB00038BD24B31D4890F8250010B94FF0FF30A0
:108BC000F6E7002000F0F8FA0020FFF743FF17490E
:108BD000C88C00F0E9F80020009014494968087832
:108BE0006B4601222321FFF710F901210F4880F87D
:108BF0002410012000F0E0FAFFF77EFD13E00020D2
:108C000000F0DAFA0948007C0090084949680878C1
:108C10006B4601222321FFF7F8F80021034880F872
:108C20002410FFF769FD0020C2E700001C010020AE
:108C300038B504461F48807A10B94FF0FF3038BD70
:108C4000FA2C09D0B4F5FA7F09D0B4F57A7F09D0AF
:108C5000B4F5FA6F0CD108E0002000900BE008207A
:108C6000009008E01020009005E01820009002E03D
:108C70004FF0FF30E3E700BF0E48007A9DF8001088
:108C8000B0EBE10F01D10020D9E70A4A12689179CF
:108C9000084A526810786B460122FFF7B6F810B107
:108CA0004FF0FF30CBE79DF80000C010014908727B
:108CB0000020C4E71C01002038B50446184890F88D
:108CC0002300A04201D1002038BD14B13020009013
:108CD00001E0002000901248807C20B19DF8000047
:108CE00040F0020000900E4890F8220020B19DF85C
:108CF000000040F080000090094A1268117D084A87
:108D0000526810786B460122FFF77FF810B14FF0E0
:108D1000FF30D9E7024880F823400020D4E7000064
:108D20001C01002038B504461E48807A10B94FF067
:108D3000FF3038BDBC2C02DB0120009015E0622C16
:108D400002DB0220009010E02A2C02DB03200090BE
:108D50000BE0142C02DB0420009006E00A2C02DB5E
:108D60000520009001E0062000900E48C07A9DF892
:108D70000010884201D10020DBE70A4A126891788E
:108D8000084A526810786B460122FFF73EF810B18E
:108D90004FF0FF30CDE79DF800100248C17200206F
:108DA000C7E700001C01002038B504462448807A3B
:108DB00010B94FF0FF3038BD214890F8240010B1B1
:108DC0004FF0FF30F7E71E48007D50B134B1282C3A
:108DD00004DCE0B2FFF780FB0020ECE70020FFF7A7
:108DE0007BFB042C01DA042404E0B4F57A7F01DD76
:108DF0004FF47A744FF47A7090FBF4F0401EC0B2D6
:108E000000900F4A126851780D4A526810786B46EC
:108E10000122FEF7FAFF10B14FF0FF30CBE79DF8CB
:108E20000000401C4FF47A7191FBF0F081B20448CD
:108E3000C1810146C9894810FFF774FF0020BAE7D5
:108E40001C01002038B5044604F0700010B1012068
:108E5000009005E014B10020009001E04020009057
:108E60002B4A1268917C2A4A526810786B4601227C
:108E7000FEF7CBFF20B1002125488172481E38BD86
:108E80009DF8000020F0400121480173002000906F
:108E900004F0400020B99DF8000040F0040000906C
:108EA00004F0200020B99DF8000040F0020000907E
:108EB00004F0100020B99DF8000040F0010000907F
:108EC00004F0080020B99DF8000040F03800009040
:108ED0000F4A1268D17C0E4A526810786B46012204
:108EE000FEF793FF20B1002109488172481EC6E7B2
:108EF00024B1082C02D00020FFF7DEFE0448847263
:108F0000002101753220FDF7FFFD0020B7E70000CA
:108F10001C010020F8B504460D46164616B94FF060
:108F2000FF30F8BD1A48807A10B94FF0FF30F8E7EB
:108F300020128DF80000E0B28DF801009DF80100CC
:108F40002844134949684989884202DD4FF0FF30BF
:108F5000E7E70F4A1268117E0D4A526810786B4697
:108F60000222FEF752FF10B14FF0FF30D9E7EAB20C
:108F7000074B1B68597D064B5B6818783346FEF734
:108F800044FF10B14FF0FF30CBE70020C9E70000ED
:108F90001C0100202DE9FF4F83B083460E461F467B
:108FA000DDF8489002960197BA460598864238D176
:108FB000002433E000252EE000210AFB04F009EB39
:108FC000800040F82510884622E0019A02FB08F252
:108FD000119B03EB820252F82510029A6243109B08
:108FE00003EB820252F82800F7F78DF900900AFB94
:108FF00004F009EB800050F825100098F7F72BF9E2
:109000000AFB04F109EB810141F8250008F1010890
:10901000B045DADB6D1CBD42CEDB641C5C45C9DBB0
:1090200002E003A0FCF74CFB07B0BDE8F08F0000A6
:10903000B4EDCEF3A3BABED8D5F3B5C4B3DFB4E76D
:10904000B2BBB6D4A3A1000000B50246002303E0E2
:109050006420FDF777FD5B1C9342F9DB00BD014600
:10906000002901DA484200E00846704770470000D6
:1090700070B50F480068F7F7B0FB04464FF0333285
:109080000C4BF7F7BDFB06D201200B4908700020FE
:109090000A4908700BE00948007840B900200649E9
:1090A000087001200549087000200549086070BD5E
:1090B000D000002033332340C6000020C900002028
:1090C000AC01214270B588B002A905A8FFF7F2FBF8
:1090D0000446072C3CD101A8FFF74AF80598F7F79A
:1090E0000AFB06460199F7F70EF90546F7F72FFB3D
:1090F00005900698F7F7FFFA06460199F7F703F986
:109100000546F7F724FB06900798F7F7F4FA0646AA
:109110000199F7F7F8F80546F7F719FB079005A846
:10912000FEF770F86846FEF7CFFFBDF80010029812
:1091300048430290BDF80010039848430390BDF8DF
:10914000001004984843049002A8FDF78BFF00BF6D
:1091500008B070BD10B51448007800B910BD0020EB
:10916000114908701148FBF7F3FE28210F48F7F763
:1091700047F8C820FDF7E6FC0D48FBF7E9FE28217B
:109180000B48F7F73DF84FF49670FDF7DBFC094804
:10919000FBF7DEFE28210748F7F732F81420FDF729
:1091A000D1FC00BFDAE700001E020020C00300204F
:1091B000E80300201004002038B50446214890F848
:1091C0002400C0B114B10220009001E00020009002
:1091D0001C4A1268D17B1B4A526810786B460122E8
:1091E000FEF713FE10B14FF0FF3038BD9DF80010B0
:1091F0001448417423E01348807A10B94FF0FF30CF
:10920000F3E724B10F48407C08B10020EDE714B12A
:109210000120009001E0002000900A4A1268D17BF2
:10922000084A526810786B460122FEF7EEFD10B135
:109230004FF0FF30D9E79DF800100248417400203C
:10924000D3E700001C010020F0B5DDE905454E42E2
:1092500036B2074F3E80074E3080074E328066425E
:1092600036B2064F3E80064E3380064E3580F0BD46
:10927000280200202A0200202C0200202E020020BA
:1092800030020020320200202DE9F04106460F4650
:10929000F7F788FE041E0D4618BF0120284320F072
:1092A0000040C0F17F6000F1E040C00F0ED0301CE4
:1092B00018BF0120384320F00040C0F17F6000F16A
:1092C000E040C00F04BF0120FCF7B0FA2046294659
:1092D000BDE8F08110B586B00446012144F20400D7
:1092E000FAF7C6FA4FF40070ADF8140003208DF8B9
:1092F000160018208DF8170005A91C48F8F746FD40
:109300004FF48060ADF8140004208DF8170005A913
:109310001648F8F73BFD01940020ADF80800ADF8C1
:109320000A00ADF80C00ADF810000C20ADF80E00EE
:1093300001A90F48FBF7F8FF002240F225510C4825
:10934000FBF7CCFF01210A48FBF785FF25208DF8AC
:10935000000000208DF8010001208DF802008DF83A
:1093600003006846F9F77CFE06B010BD0008014016
:10937000003801406800000476005401F7FD000148
:1093800075191A0C6A231B1C1F207274433B413849
:10939000393A6B6C376F06246D6E700083000000E5
:1093A0000008000000010018320005000000204104
:1093B0000000D242295C0F3E9A99993E3333733FA5
:1093C000295C0F3E00007000000000240000000235
:1093D0000003000000650054FFEF0000FA80000B5E
:1093E00012820001030C30C30E8C8CE914D54002AC
:1093F00013710F8E3883F8833000F883258EF8833D
:109400003000F883FFFFFFFF0FFEA9D62400040001
:109410001A8279A10000003CFFFF0000001000004C
:1094200038836FA2003E03304000000002CAE30907
:109430003E8000002000000000000000400000000E
:1094400060000000000C0000000C186E0000069286
:109450000A16C0DFFFFF0256FD8CD377FFE1C496EA
:10946000E0C5BEAA00000000FFFF0B2B000016574E
:10947000000003594000000000001DFA00026C1DAE
:10948000000000003FFFDFEB003EB3B6000D227886
:1094900000002F3C00000000001942B5000039A276
:1094A0000000B365D90E9FC91DCF4C3430000000B9
:1094B000500000003BB67AE80064000000C80000DD
:1094C00000000000100000001000FA921000225E60
:1094D000000D229F0001000000320000FF46000046
:1094E00063D400001000000004D6000004CC00008B
:1094F00004CC0000000010720000004000000000DA
:109500000000000000060002000500070000000047
:109510000064000000000000000000050005006479
:1095200000200000000000000000000000004000DB
:109530000000030000000032F8980000FF65000002
:10954000830F0000FF9BFC000000000000000000F3
:10955000000000000000000000000000000000000B
:1095600000000000000000000000000000000000FB
:109570000000100040000000000000060000B26A79
:10958000000200000001FB830068000000D9FC001D
:109590007CF1FF830000000000650000006403E828
:1095A00000640028000000250000000016A0000054
:1095B0000000100000001000002F0000000001F467
:1095C0000000100000280000FFFF4581FFFFFA7235
:1095D0000000000000000000004400050005BAC6BD
:1095E000004778A200000001000000000000060013
:1095F000000000140000254D002F706D000005AE26
:10960000000C02D00000000000000000000000007C
:1096100000000000001B000000000000000000002F
:1096200000000000006400000008000000000000CE
:10963000000000000000000000000000000000002A
:10964000000000000000000000000000000000001A
:10965000000000000000000000000000000000000A
:1096600000000000000000000000000000000000FA
:1096700000000000000000000000000000000000EA
:1096800000000000001B00000000000000000000BF
:10969000000E000E00000AC70004000000000032A7
:1096A000FFFFFF9C00000B2B0000000200000001E8
:1096B00000000064FFE50000000000000000000062
:1096C0000000000000000001000000000001000098
:1096D0000000000000018000000180000001800007
:1096E000002426D300000000000000000006001047
:1096F0000096003C00000000000000000000000098
:10970000000000000C0A4E68CDCF7709501667594B
:10971000C619CE820000000000000000000000001A
:1097200000000000000000000000000017D78400C7
:10973000030000000000000000000000C7938F9DA0
:109740001E1B1C19000000000000000000000000AB
:109750000000000000000000000000000203188567
:1097600000004000000000030000000300000000B3
:1097700000000000400000000000000000000000A9
:1097800000000000000000000000000000000000D9
:1097900000000000000000000000000000000000C9
:1097A0000000000000000000677DDF7E72902E55F3
:1097B0004CF6E688000000000000000000000000F9
:1097C00000000000D8DCB4B8B0D8B9ABF3F8FAB3F5
:1097D000B7BB8E9EAEF132F51BF1B4B8B08097F1F5
:1097E000A9DFDFDFAADFDFDFF2AAC5CDC7A90CC979
:1097F0002C97F1A989264666B28999A92D557DB085
:10980000B08AA896365676F1BAA3B4B280C0B8A88A
:109810009711B28398BAA3F0240844106418B2B91F
:10982000B49883F1A329557DBAB5B1A38393F00011
:109830002850F5B2B6AA839328547CF1B9A3829339
:1098400061BAA2DADEDFDB819AB9AEF5606870F149
:10985000DABAA2DFD9BAA2FAB9A38292DB31BAA2EC
:10986000D9BAA2F8DF85A4D0C1BBAD83C2C5C7B841
:10987000A2DFDFDFBAA0DFDFDFD8D8F1B8AAB38D6F
:10988000B4980D355DB2B6BAAF8C96198F9FA70EFE
:10989000161EB49AB8AA872C547CBAA4B08AB69182
:1098A000325676B28494A4C808CDD8B8B4B0F19931
:1098B00082A82D557D98A80E161EA22C547C92A429
:1098C000F02C5078F184A898C4CDFCD80DDBA8FC0E
:1098D0002DF3D9BAA6F8DABAA6DED8BAB2B6869609
:1098E000A6D0F3C841DAA6C8F8D8B0B4B882A89216
:1098F000F52C548898F135D9F418D8F1A2D0F8F99C
:10990000A884D9C7DFF8F883C5DADF69DF83C1D857
:10991000F40114F1A8824EA884F311D182F5D992F2
:10992000289788F109F41C1CD884A8F3C0F9D1D970
:109930009782F129F40DD8F3F9F9D1D982F4C20351
:10994000D8DEDF1AD8F1A2FAF9A88498D9C7DFF8CF
:10995000F8F883C7DADF69DFF883C3D8F40114F1BC
:1099600098A8822EA884F311D182F5D992509788B5
:10997000F109F41CD884A8F3C0F8F9D1D99782F181
:1099800049F40DD8F3F9F9D1D982F4C403D8DEDF54
:10999000D8F1AD8898CCA809F9D98292A8F57CF1C4
:1099A000883ACF944A6E98DB6931DAADF2DEF9D8A5
:1099B0008795A8F221D1DAA5F9F417D9F1AE8ED0A6
:1099C000C0C3AE82C684C3A88595C8A588F2C0F17D
:1099D000F4010EF18E9EA8C63E56F554F18872F43D
:1099E0000115F19845856EF58E9E0488F142985ACE
:1099F0008E9E068869F4011CF1981E1108D0F504AA
:109A0000F11E970202983625DBF9D985A5F3C1DA54
:109A100085A5F3DFD88595A8F309DAA5FAD882924F
:109A2000A8F578F1881A849F26889821DAF41DF326
:109A3000D8879F39D1AFD9DFDFFBF9F40CF3D8FA1F
:109A4000D0F8DAF9F9D0DFD9F9D8F40BD8F3879F39
:109A500039D1AFD9DFDFF41DF3D8FAFCA869F9F9E1
:109A6000AFD0DADEFAD9F88F9FA8F1CCF398DB45B6
:109A7000D9AFDFD0F8D8F18F9FA8CAF38809DAAF41
:109A80008FCBF8D8F2AD978D0CD9A5DFF9BAA6F334
:109A9000FAF412F2D8950DD1D9BAA6F3FADAA5F2F2
:109AA000C1BAA6F3DFD8F1BAB2B68696A6D0CAF389
:109AB00049DAA6CBF8D8B0B4B8D8AD84F2C0DFF19B
:109AC0008FCBC3A8B2B68696C8C1CBC3F3B0B48857
:109AD00098A821DB718D9D71859521D9ADF2FAD8B9
:109AE0008597A828D9F408D8F28D29DAF405D9F297
:109AF00085A4C2F2D8A88D9401D1D9F411F2D887E7
:109B000021D8F40AD8F28498A8C801D1D9F411D880
:109B1000F3A4C8BBAFD0F2DEF8F8F8F8F8F8F8F81C
:109B2000D8F1B8F6B5B9B08A95A3DE3CA3D9F8D878
:109B30005CA3D9F8D87CA3D9F8D8F8F9D1A5D9DF96
:109B4000DAFAD8B18530F7D9DED8F830ADDADED818
:109B5000F2B48C99A32D557DA083DFDFDFB591A0F2
:109B6000F629D9FBD8A0FC29D9FAD8A0D051D9F828
:109B7000D8FC51D9F9D879D9FBD8A0D0FC79D9FA39
:109B8000D8A1F9F9F9F9F9A0DADFDFDFD8A1F8F8FF
:109B9000F8F8F8ACDEF8ADDE8393AC2C547CF1A879
:109BA000DFDFDFF69D2CDAA0DFD9FADB2DF8D8A8AD
:109BB00050DAA0D0DED9D0F8F8F8DB55F8D8A8787C
:109BC000DAA0D0DFD9D0FAF8F8F8F8DB7DF8D89C25
:109BD000A88CF530DB38D9D0DEDFA0D0DEDFD8A806
:109BE00048DB58D9DFD0DEA0DFD0DED8A868DB7034
:109BF000D9DFDFA0DFDFD8F1A888902C547C98A8AB
:109C0000D05C38D1DAF2AE8CDFF9D8B087A8C1C108
:109C1000B188A8C6F9F9DA36D8A8F9DA36D8A8F999
:109C2000DA36D8A8F9DA36D8A8F9DA36D8F78D9D19
:109C3000ADF818DAF2AEDFD8F7ADFA30D9A4DEF914
:109C4000D8F2AEDEFAF983A7D9C3C5C7F1889BA7BE
:109C50007AADF7DEDFA4F8849408A797F300AEF29C
:109C60009819A488C6A39488F632DFF28393DB099F
:109C7000D9F2AADFD8D8AEF8F9D1DAF3A4DEA7F189
:109C8000889B7AD8F38494AE19F9DAAAF1DFD8A8C0
:109C900081C0C3C5C7A39283F628ADDED9F8D8A387
:109CA00050ADD9F8D8A378ADD9F8D8F8F9D1A1DA60
:109CB000DEC3C5C7D8A18194F818F2B089ACC3C57A
:109CC000C7F1D8B8B4B09786A8319B069907AB976F
:109CD00028889BF00C201440B0B4B8F0A88A9A28C9
:109CE0005078B79BA8295179247059446938644841
:109CF00031F1BBAB88002C547CF0B38BB8A804289E
:109D00005078F1B088B49726A85998BBABB38B02B2
:109D1000264666B0B8F08A9CA82951798B295179DA
:109D20008A2470598B2058718A4469388B3940686D
:109D30008A6448318B30496088F1AC002C547CF047
:109D40008CA804285078F1889726A85998AC8C02E2
:109D5000264666F0899CA8295179247059446938AF
:109D6000644831A98809205970AB11384069A81995
:109D70003148608CA83C415C207C00F187981986B2
:109D8000A86E767EA999882D557DD8B1B5B9A3DF87
:109D9000DFDFAED0DFAAD0DEF2ABF8F9D9B087C4EE
:109DA000AAF1DFDFBBAFDFDFB9D8B1F1A3978E60D7
:109DB000DFB084F2C8F8F9D9DED89385F14AB183CF
:109DC000A308B5839A0810B79F10D8F1B0BAAEB007
:109DD0008AC2B2B68E9EF1FBD9F41DD8F9D90CF126
:109DE000D8F8F8AD61D9AEFBD8F40CF1D8F8F8ADDD
:109DF00019D9AEFBDFD8F416F1D8F8AD8D61D9F4DE
:109E0000F4ACF59C9C8DDF2BBAB6AEFAF8F40BD807
:109E1000F1AED0F8AD51DAAEFAF8F1D8B9B1B6A3D7
:109E2000839C08B9B1839AB5AAC0FD3083B79F104F
:109E3000B58B93F20202D1ABDADED8F1B080BAABC7
:109E4000C0C3B284C1C3D8B1B9F38BA391B609B46E
:109E5000D9ABDEB0879CB9A3DDF1B38B8B8B8B8B39
:109E6000B087A3A3A3A3B28BB69BF2A3A3A3A3A380
:109E7000A3A3A3A3A3F1B087B59AA3F39BA3A3DCE9
:109E8000BAACDFB9A3A3A3A3A3A3A3A3A3A3A3A330
:109E9000A3A3A3A3D8D8D8BBB3B7F1AAF9DAFFD943
:109EA000809AAA28B48098A720B79787A86688F0D8
:109EB0007951F1902C870CA781976293F0717160B2
:109EC00085940129517990A5F1284C6C870C95183F
:109ED0008578A38390284C6C886CD8F3A28200F21A
:109EE00010A8921980A2F2D926D8F188A84DD94895
:109EF000D896A83980D93CD89580A839A68698D913
:109F00002CDA87A72CD8A8899519A980D938D8A880
:109F10008939A980DA3CD8A82EA83990D90CD8A8BC
:109F2000953198D90CD8A809D9FFD801DAFFD8956E
:109F300039A9DA26FFD890A80D8999A81080982110
:109F4000DA2ED88999A83180DA2ED8A88696318061
:109F5000DA2ED8A8873180DA2ED8A88292F34180F1
:109F6000F1D92ED8A882F31980F1D92ED882ACF37A
:109F7000C0A28022F1A62EA72EA92298A829DAAC89
:109F8000DEFFD8A2F22AF1A92E8292A8F23180A691
:109F900096F1D900AC8C9C0C30ACDED0DEFFD88CB6
:109FA0009CACD010ACDE8092A2F24C82A8F1CAF236
:109FB00035F19688A6D900D8F1FF00000000803F57
:109FC00000000000000000000000803F0000803F13
:109FD0000AD7A3BB000000000000803F0AD7A33BC4
:109FE000000000000000803F00000000FFE6DB2EC4
:109FF0000000000000000000FFE6DB2E17B7D1389C
:10A000000000803F000000000AD7A3BB0000803F93
:10A010000000803F000000000000803F00000000C2
:10A02000000000000000803F0000803F0AD7A3BB73
:10A03000000000000000803F0AD7A33B00000000A2
:10A040000000803F00000000FFE6DB2E0000000063
:10A0500000000000FFE6DB2E17B7D1380000803F7C
:10A06000000000000AD7A3BB0000803F0000803F33
:10A070000000000000000000555555555555C53FDE
:10A080007D6FEB0312D6D4BF5544880E55C1C93F2E
:10A090003B8F68B52882A4BF88B20175E0EF493FC5
:10A0A00009F7FD0DE13D023F4B2D8A1C273A03C005
:10A0B000C88A599CE52A004059018D1B6C06E6BFF1
:10A0C00082922EB1C5B8B33F4FBB610567ACDD3F8F
:10A0D000182D4454FB21E93F9BF681D20B73EF3FCF
:10A0E000182D4454FB21F93FE2652F227F2B7A3C47
:10A0F000075C143326A6813CBDCBF07A8807703C00
:10A10000075C143326A6913CC4EB98999999C9BF72
:10A11000711623FEC671BCBF6D9A74AFF2B0B3BFA7
:10A120009AFDDE522DDEADBF2F6C6A2C44B4A2BF67
:10A130000D5555555555D53FFF8300922449C23FD3
:10A140006E204CC5CD45B73F513DD0A0660DB13F07
:10A15000EB0D76244B7BA93F11DA22E33AAD903F19
:10A160000000000000000000DDDDDDDDDCBBBBDD4C
:10A17000DDDDDDDDDDDDDDDD9888888888888888A7
:10A1800077777777778888888555555666666666C7
:10A1900066666666666888888333333222222222A6
:10A1A000222222222228888D50726F6475637420C7
:10A1B00049442072656164206173203020696E64B7
:10A1C000696361746573206465766963652069738A
:10A1D0002065697468657220696E636F6D70617463
:10A1E00069626C65206F7220616E204D505533306E
:10A1F00035302E0D0A00000018A2000800000020D3
:10A200009002000088100008A0A200089002002020
:10A21000E80700001C580008022B02701B010153C4
:10A22000544D33322042616C616E6365204361722C
:10A230003A56322E382E387CA24A042C6808020383
:10A2400004060708090C6910052202040608C380E9
:10A250003F5AFF040A1B019D81D340411C307246C6
:10A260000512422480BB451AF01C23FA441AA008A8
:10A270001AC804291009198612931B0874040120B6
:10A280001A9C24052E0AD7A33BA9E4C9F00948402B
:10A29000092664093E8C31043C24415072010000BF
:0400000508000131BD
:00000001FF
