:020000040800F2
:10000000D00A00204901000823350008CD29000846
:100010001F350008DD140008FB5600080000000032
:10002000000000000000000000000000254500085E
:10003000891A000800000000B93900083F4700088D
:100040006301000863010008630100086301000800
:1000500063010008630100086301000863010008F0
:1000600063010008630100086301000863010008E0
:1000700063010008630100086301000863010008D0
:1000800063010008630100086301000863010008C0
:1000900063010008630100086301000863010008B0
:1000A00063010008630100086301000863010008A0
:1000B000694A0008294B0008414B00086301000809
:1000C0006301000863010008630100086301000880
:1000D0006301000871540008B5540008630100086A
:1000E000B11A0008630100086301000863010008F9
:1000F0006301000863010008630100086301000850
:10010000630100086301000863010008630100083F
:100110006301000835540008594B000863010008CA
:10012000630100086301000863010008630100081F
:10013000DFF810D000F054FD004800478D7E000825
:10014000AFF30080D00A00200648804706480047E9
:10015000FEE7FEE7FEE7FEE7FEE7FEE7FEE7FEE777
:10016000FEE7FEE741470008310100082DE9F041B4
:100170000024061B254671F1000605DA012400273C
:10018000D0EB070067EB0101161E73F1000605DADC
:100190000027D2EB0702012567EB030300F094FB75
:1001A00086460E4617469C46AC4204D00025D0EB4E
:1001B000050E65EB010624B10020D2EB000760EBD1
:1001C000030C704631463A466346BDE8F08140EA8A
:1001D00001039B0703D009E008C9121F08C0042AC5
:1001E000FAD203E011F8013B00F8013B521EF9D2AC
:1001F0007047D2B201E000F8012B491EFBD27047D4
:100200000022F6E710B513460A4604461946FFF7E2
:10021000F0FF204610BD421E12F8013F002BFBD11B
:1002200011F8013B02F8013B002BF9D17047421C49
:1002300010F8011B0029FBD1801A704730B5044625
:100240000020034600E05B1C934203D2E05CCD5CDF
:10025000401BF8D030BDF0B480EA0102D40F420058
:10026000B2EB410F02D20246084611464A0042D084
:10027000C30DDDB2C1F3C752AD1A202D35DAC1F37B
:10028000160141F4000204B15242C5F1200602FAFF
:1002900006F12A411044B3EBD05F23D0C4B1012D45
:1002A000A0EBC35009DCF0BC4FF0004202EAC3529D
:1002B000DBB200F5000000F0C0BB400000F1807030
:1002C00000EBC350A0F1807040EAD170490009E012
:1002D000490841EAC071A0EBC35000F50000400896
:1002E00000EBC350F0BC00F09FBB6142012202EB67
:1002F0004101001BF6E7F0BC704781F00041AAE71E
:1003000080F00040A7E780EA010210B502F0004348
:10031000400022D04A001FD0010E01EB1261C0F351
:100320005600C2F3560240F4000042F40002A0FB63
:10033000022000047F39140400D0401C50EA12400F
:1003400001D44000491EC2B20C0604EBD010401C80
:100350004008802A02D003E0002010BD20F00100F8
:10036000002900DA0020184310BD30B480EA0102F1
:1003700002F0004530F0004221F0004013D090B16F
:10038000C30DD40DC2F31601C0F31600E41A41F4F4
:10039000000140F400027D34914201D3641C00E06E
:1003A0004900002C02DA30BC002070474FF40000F6
:1003B0000023914201D3891A034340084FEA4101C7
:1003C000F7D151B1914202D14FF0004105E002D284
:1003D0004FF0010101E06FF0010103EBC45028442C
:1003E00030BC00F021BB2DE9FE4F804681EA0300BE
:1003F000C00F0C46009021F0004123F00045B8EBFF
:100400000200A94105D24046214690461C460B46B3
:10041000024623F00040104347D0270DC7F30A00DF
:10042000C3F30A510290401A019040286BDAC3F3DB
:10043000130040F4801B0098924620B10023D2EBB9
:10044000030A63EB0B0B01985946C0F1400250467A
:1004500000F06BFA06460D4650465946019A00F0E8
:1004600083FA10EB08006141002487EA115284EA04
:10047000E7731A4340D0009A62B3019A012A4FEA07
:10048000075215DC001B61EB02014FF0004202EA4B
:100490000752CDE90042001C41F5801132462B463F
:1004A00000F008FB03B0BDE8F08F40462146F9E7B5
:1004B000001B61EB0201001C41F5801300185B4139
:1004C0002018A2F5001747EB030140EAD570B619D2
:1004D0006D4111E06D084FEA360645EAC0754FEAF6
:1004E0000752001B61EB0201001C41F58011490815
:1004F0004FEA30000019514132462B4603B0BDE8A7
:10050000F04F00F0C8BA0098012240000023D0EB61
:10051000020263EBE073009821464FEAE074B8EB07
:10052000000061EB0401E9E783F000435BE781F041
:10053000004158E72DE9FE4F81EA030404F000442E
:1005400021F0004100944FF0000B23F0004350EAEB
:1005500001045ED052EA03045BD0C3F30A54C1F332
:100560000A552C44A4F2F3340194A0FB0254C1F3C5
:10057000130141F48011C3F3130343F4801301FB0F
:10058000024400FB034E840A970A44EA815447EA76
:100590008357A4FB076802958D0A05FB07854FEA80
:1005A000932C04FB0C542705029D4FEA065847EA9A
:1005B0001637B5EB08056EEB070C870E920E47EA6F
:1005C000811742EA8312A7FB0201B6EB0B0164EB31
:1005D00000042B0D43EA0C335E1844EB1C50DA4642
:1005E0005146E7FB0201C5F313044FEA0B3343EA1C
:1005F00014534FEA0432019C43EA0603A4F10C04AD
:100600000294009CCDE900B400F054FA03B0BDE8B8
:10061000F08F00200146F9E72DE9F04D81EA03044F
:1006200004F0004B21F0004514464FF0000A23F07F
:10063000004150EA050220D054EA01021DD0C5F362
:100640000A570246C5F31303C1F31300C1F30A5658
:1006500040F4801543F48013A7EB0608101BD64620
:1006600008F2FD3873EB050002D308F1010801E040
:1006700092185B41B8F1000F03DA00200146BDE893
:10068000F08D00204FF48011064684460EE0171BC3
:1006900073EB050705D3121B63EB050306434CEA16
:1006A000010C49084FEA300092185B4150EA0107FB
:1006B000EDD152EA030012D082EA040083EA050178
:1006C000084305D0101BAB4106D20122002306E0EF
:1006D00000224FF0004302E06FF0010253101AEBCA
:1006E00006004CEB085110EB0A0041EB0B01BDE892
:1006F000F04D00F0D0B9C10F80EAE0700844CA079D
:100700009623002100F099B996230022114600F0AB
:1007100094B90EB5C10F80EAE0700844CA07002101
:1007200040F233438DE80E000A460B4600F0C2F952
:1007300003B000BD0EB540F2334102910021CDE976
:1007400000110A460B4600F0B5F903B000BD00F0F9
:10075000004220F00040C10DC0F3160040F400003C
:100760007F2901DA00207047962903DCC1F1960148
:10077000C84001E096398840002AF4D040427047D2
:1007800020F00040C10DC0F3160040F400007F29A6
:1007900001DA00207047962903DCC1F19601C840B8
:1007A000704796398840704770B5C1F30A5201F01E
:1007B00000450024C1F3130140F2FF3341F48011DE
:1007C0009A4201DA002070BD40F233439A42A2F20D
:1007D000334203DC524200F0B7F800E090402C4373
:1007E000F1D0404270BD00F0004230F000400AD02D
:1007F000C10D01F56071C0F3160042EA0151C20853
:1008000040071143704700200146704730B5041E71
:1008100071F1000404DB4FF00044404264EB01013D
:10082000141E73F1000405DB1C464FF000435242D6
:1008300063EB04038B4208BF824230BD01F00043EA
:1008400030B421F0004150EA010206D00A0DA2F5B1
:100850006072C1F31301002A02DC30BC0020704733
:10086000440F44EAC104C100E01830BC00EBC250A0
:1008700000F0DAB8002801DBC0F10040002901DBFC
:10088000C1F1004181427047002801DBC0F1004006
:10089000002901DBC1F100418842704730B50B46A9
:1008A000014600202022012409E021FA02F59D42A0
:1008B00005D303FA02F5491B04FA02F52844151E74
:1008C000A2F10102F1DC30BD2DE9F05F0546002008
:1008D00092469B4688460646814640241BE02846B1
:1008E00041464746224600F02FF853465A46C01A62
:1008F000914110D311461846224600F016F82D1AE1
:1009000067EB01084F4622460120002100F00DF858
:1009100017EB00094E41201EA4F10104DFDC48461C
:1009200031462A464346BDE8F09F202A04DB203AA0
:1009300000FA02F1002070479140C2F1200320FA32
:1009400003F3194390407047202A04DB203A21FA30
:1009500002F00021704721FA02F3D040C2F12002D8
:100960009140084319467047202A06DBCB17203AEE
:1009700041FA02F043EAE07306E041FA02F3D040A4
:10098000C2F1200291400843194670470FB400237A
:1009900000B589B00CA900910B996FF00042CB60B3
:1009A0001E4B06931E4B07930423CDE901321D4ACB
:1009B000089202466B46002000F0BEF909B05DF8CF
:1009C00014FB70B586B006464FF0FF300091CDE9BC
:1009D0000101002015460C4604903246694604A8E1
:1009E000FFF7D4FF02460498211825B108B1084644
:1009F00000E020462860049800280DD0002A02DD7F
:100A00000098884208D0081B0094CDE901043246C2
:100A1000694604A8FFF7BAFF06B070BD710F000861
:100A20008F0F0008050C00080029A8BF7047401C64
:100A3000490008BF20F00100704710B4B0FA80FCF4
:100A400000FA0CF050EA010404BF10BC704749B131
:100A5000CCF1200421FA04F411FA0CF118BF0121A1
:100A600021430843A3EB0C01CB1D4FEA00614FEA81
:100A7000102042BF002010BC704700EBC350104450
:100A80000029A4BF10BC7047401C490008BF20F0DB
:100A9000010010BC704710B5141E73F1000408DA91
:100AA000401C41F1000192185B411A4301D120F032
:100AB000010010BD2DE9F04D92469B4611B1B1FAEF
:100AC00081F202E0B0FA80F220329046FFF72DFF6B
:100AD00004460F4640EA0A0041EA0B0153465A46D3
:100AE000084313D0114653EA010019D0C8F140025F
:100AF0005046FFF729FF05460E46504659464246E6
:100B0000FFF713FF084305D0012004E020463946D3
:100B1000BDE8F08D0020054346EAE0762C433743DC
:100B20000A986305E40AA0EB08000022FD0A44EAE3
:100B300047540A3002D500200146E9E701051019A3
:100B40006941DDE9084500196941BDE8F04DA2E7BA
:100B500070B521F0004303430CD0C1F30A550024C3
:100B6000D5EB040564EB0403D617AD1AB34102DBE1
:100B70000020014670BD201841EB025170BDC1F349
:100B80000A52C1F3130140F2FF3341F480119A423B
:100B900002DA00200146704740F233439A42A2F243
:100BA000334202DC5242FFF7CFBEFFF7BEBE000069
:100BB00030B5041E71F1000404DB4FF000444042E4
:100BC00064EB0101141E73F1000405DB1C464FF0B9
:100BD0000043524263EB0403994208BF904230BD88
:100BE000064C074D06E0E06840F0010394E807007A
:100BF00098471034AC42F6D3FFF79EFA18C90008A4
:100C000038C90008C0B24FF4F05100F023BA000018
:100C10002DE9FF4F087883B09946FF2805D0491C7D
:100C20002D2804D00024002008E000200BE001243F
:100C3000F9E700EB800003EB4000491C0B78FF2B29
:100C4000F7D104B1404200230293147819461D469F
:100C50002D2C01D02B2C04D1521C2D2C13D0002470
:100C60000294AA461478FF2C0FD00A25A3FB05781E
:100C700001FB05814FF0000C03FB0C11521CE31922
:100C80004AEB0101EEE70124EAE7814453EA01005F
:100C900002D019F5C87F06DA03980021C0E90011D7
:100CA00007B0BDE8F08F0025AE4E2F46DFF8B882C2
:100CB000184600F0E3F9CDE90001B9F1000002DACD
:100CC000C9F1000400E004460023A74A1AEB030B15
:100CD00042EB045A12E0E00707D02A463346384672
:100CE0004146FFF727FC074688462A46334610460A
:100CF0001946FFF71FFC05460E466410002CEAD18A
:100D0000DDE90001B9F1000F5A46534606DAFFF754
:100D100083FC3A464346FFF77FFC05E0FFF70AFCF9
:100D20003A464346FFF706FC029A0AB181F00041B9
:100D3000039AC2E90001B3E72DE9FF4F1F468DB0CA
:100D4000D7E901464FF0FF382E2045464FF0000905
:100D50000B90B9696D1C0E988847396A824688479E
:100D60000028F6D1BAF1FF3F0AD024F4D064002E57
:100D700011DDBAF12B0F08D0BAF12D0F0BD102E023
:100D8000404611B08DE744F48064B9696D1C0E983B
:100D900088478246761E6946600501D52D2000E011
:100DA0002B208DF8000001F1010B0DF1200809E066
:100DB000B9696D1C0E98884782460F9844F40074F8
:100DC000761E0560002E02DDBAF1300FF0D00B99CF
:100DD0008A453ED144F0800406E00F99681CA9F1D1
:100DE000010944F400740860B9696D1C761E0E9800
:100DF000884782463028F0D02BE00B998A4505D1F0
:100E0000200603D444F08004761E18E0504604F017
:100E1000F5FD08B30DF11301761E44F400748B4503
:100E200008D2AAF130000BF8010B200607D5A9F172
:100E3000010003E0200602D409F101008146A0056B
:100E400002D50F99681C0860B9696D1C0E98884717
:100E50008246002ED1DC53E0002E51DDBAF1650F41
:100E600002D0BAF1450F4BD1A00549D5B9696D1C27
:100E700024F44074761E0E9888478246002E0CDDBE
:100E80002B2804D0BAF12D0F07D144F48074B9692E
:100E90006D1C0E9888478246761EE00501D52D21EF
:100EA00000E02B2108F8011BCDF82C8021E00DF18A
:100EB0002901761E44F4007488450CD2AAF1300052
:100EC00010F0FF0088F8000002D10B99884509D97D
:100ED00008F1010806E0E00501D5244801E042F2EE
:100EE0000F708146B9696D1C0E98884782460F982D
:100EF0000560002E04DD504604F080FD0028D6D1A8
:100F0000F9690E988847FF208BF8000088F80000E8
:100F10000020069007904B466A4608A906A8FFF7EE
:100F200077FEA00502D46FF001002AE714F0240F29
:100F30000AD0E00714D1DDE906123868031D3B60D2
:100F40000068C0E900120BE0DDE90601FFF776FC5E
:100F50000146E00704D13868021D3A60006801606C
:100F600028460EE7000014400000F03FF1D8FFFFD4
:100F7000426842B1016811F8013B23B1521EC0E939
:100F80000012184670470121C160881E70474268F0
:100F90005AB1C368016843B983688B4205D0491EC2
:100FA000521CC0E90012002070474FF0FF3070471C
:100FB0002DE9F04D00231A461B1A8A4103DB00205D
:100FC0000146BDE8F08DC1F30A52C1F3130141F4AB
:100FD00080154FF0000BD10702D100186D41521E51
:100FE0000027044640F2FF11384601EB620A3E46F4
:100FF0008046024600204FF48011FFF7A5FCC2197D
:101000007141BB1846EB0100B4EB030C75EB000C0F
:1010100004D3E41A65EB000517460E46241908F1BF
:1010200001006D4180463428E3DDF91946EB0600E6
:10103000091BA84103D24FF0FF32134601E0002202
:1010400013461BEB070046EB0A51BDE8F04DFFF7D6
:1010500022BD00007F2801D9002208E0064A02EBE9
:101060005002C007127800D1120902F00F020120CD
:10107000904008407047000088C800080EB540F254
:10108000334202920022CDE900221346FFF712FDFF
:1010900003B000BD70B58C1810F8015B15F00703A4
:1010A00001D110F8013B2A1106D110F8012B03E001
:1010B00010F8016B01F8016B5B1EF9D12B0705D409
:1010C0000023521E0DD401F8013BFAE710F8013B52
:1010D000CB1A921C03E013F8015B01F8015B521E6E
:1010E000F9D5A142D8D3002070BD21B1826842F069
:1010F0000102826003E0826822F001028260704790
:1011000010B504461248844208D10121401502F06E
:10111000D9FE0021601502F0D5FE17E00D4884428B
:1011200008D10121001502F0CDFE0021201502F0AA
:10113000C9FE0BE00848844208D10121C80302F02F
:10114000C1FE00214FF4004002F0BCFE10BD0000C3
:101150000024014000280140003C014001460020DD
:101160008A6802F004020AB1012000E00020704702
:101170000146C86C80B270470246002013680B40DD
:101180000BB1012000E000207047014600208A6872
:1011900002F008020AB1012000E0002070470000C0
:1011A00030B502460020002350680F4C20400D79D6
:1011B0000C6844EA05242043506090680B4C2040A2
:1011C000D1E902542C434D7944EA45042043906010
:1011D000D06A20F470000C7C641EE4B2234340EA21
:1011E0000350D06230BD0000FFFEF0FFFDF7F1FFBD
:1011F000F0B504460D4600200021092D11DDE06800
:10120000A5F10A0606EB4607072606FA07F188430A
:10121000A5F10A0606EB460603FA06F10843E0606C
:101220000CE0206905EB4507072606FA07F188431D
:1012300005EB450603FA06F108432061072A0FDA99
:10124000606B561E06EB86071F2606FA07F18843D9
:10125000561E06EB860605FA06F10843606322E097
:101260000D2A0FDA206BD61F06EB86071F2606FA1B
:1012700007F18843D61F06EB860605FA06F10843F8
:10128000206310E0E06AA2F10D0606EB86071F2638
:1012900006FA07F18843A2F10D0606EB860605FA69
:1012A00006F10843E062F0BD816841F00801816009
:1012B000704721B1826842F4A002826003E0826834
:1012C00022F4A00282607047816841F004018160CD
:1012D000704700001648007840B11548007807288C
:1012E00004D013480078082800D0704711480068DF
:1012F00000B9FAE70F480068142807D90D480068BC
:10130000642803D207200A4908700FE009480068E2
:10131000F02808D907480068B0F5967F03D2082066
:101320000349087002E000200149087000BFDCE7B3
:1013300094010020D000002008B50121102002F007
:10134000B1FD4FF47070ADF8000018208DF8030067
:1013500003208DF802006946014800F0D5FF08BD62
:101360000010014030B587B005460C460121480306
:1013700002F098FD254803F0B1FC681E80B2ADF87C
:101380001400ADF810400020ADF81600ADF81200C2
:1013900004A91E4803F0BAFF6020ADF80000012048
:1013A000ADF802000020ADF80600ADF8080069466F
:1013B000164803F021FE6946144803F073FE69469F
:1013C000124803F0CFFE6946104803F025FF0121C3
:1013D0000E4803F073FC08210C4803F059FE082165
:1013E0000A4803F0B1FE0821084803F00BFF08216A
:1013F000064803F04FFF0121044803F041FC01219E
:10140000024803F04FFC07B030BD0000003401403B
:1014100070B504464FF47A750723012221460B4824
:10142000FFF7E6FE01210948FFF743FF00BF022155
:101430000648FFF7A1FE20B9281EA5F101018DB2D3
:10144000F5D10248FFF794FE70BD00000024014072
:1014500000B587B001214FF4017002F023FD4FF475
:10146000004002F0F3FC2020ADF8040000208DF8CD
:10147000070001A9174800F047FF1748FFF740FE93
:10148000002002908DF80C008DF80D004FF46020C4
:1014900004900020059001208DF8180002A90E4844
:1014A000FFF77EFE01210C48FFF71FFE0A48FFF7F9
:1014B000FBFE00BF0848FFF768FE0028FAD1064887
:1014C000FFF702FF00BF0448FFF748FE0028FAD1EB
:1014D00007B000BD000801400024014000BFFEE746
:1014E0002DE9F0478648006801287DD185480468C9
:1014F00085480568854986480068FEF736FF8549B6
:101500000860854800688549086085480068FFF7DD
:1015100011F906460022834BFFF77EF88146FFF75C
:101520008DF9804650218048FEF76AFE7E487FA1F3
:10153000096801600A217E48FEF762FE7D480021AD
:101540000160416001810A217B48FEF759FE7B481A
:1015500000210160416001810A217948FEF750FEB7
:101560007848002101604160018177492046FFF7FA
:1015700081F90FD875492046FFF786F90AD8204629
:10158000FFF731F9064632460B4671A1684804F070
:10159000C7F801E0BDE8F0876B492846FFF76AF914
:1015A0000FD86A492846FFF76FF90AD82846FFF78F
:1015B0001AF9064632460B4665A15E4804F0B0F8BB
:1015C00000E0E7E7644953480068FFF75DF913D28C
:1015D000624950480068FFF74DF90DD24D48006848
:1015E000FFF701F9064600E088E032460B4658A1B5
:1015F000514804F095F800E0CCE7594947480068A5
:10160000FFF742F911D2574944480068FFF732F911
:101610000BD242480068FFF7E6F8064632460B4612
:101620004BA1464804F07CF800E0B3E700214046B7
:10163000FFF72AF90FD84B494046FFF71BF90AD2AA
:101640004046FFF7D0F8064632460B4640A13C48DC
:1016500004F066F800E09DE7002143480068FFF7CA
:1016600013F911D8414940480068FFF703F90BD23C
:101670003D480068FFF7B7F8064632460B4634A1EE
:10168000304804F04DF800E084E729492648FEF789
:10169000C2FD37A12448FEF7BEFD26492248FEF7C9
:1016A000BAFD34A12048FEF7B6FD23491E48FEF7D7
:1016B000B2FD31A11C48FEF7AEFD20491A48FEF7E5
:1016C000AAFD2EA11848FEF7A6FD1D491648FEF7F3
:1016D000A2FD2CA11448FEF79EFD1A491248FEF700
:1016E0009AFD29A11048FEF796FD50212748FEF7E4
:1016F00087FD50220C492548FEF769FD00BF49E7E8
:10170000800100203C010020400100200000C84270
:101710001C000020C801002008000020CC0100208F
:10172000D000002000002440EC040020244C56008F
:101730008C05002096050020A0050020AA050020A9
:10174000B4050020BE05002000007A4400007AC4E1
:1017500025332E32660000000000FAC40000FA446F
:1017600000401CC600401C46340100200000A0417F
:101770002C5256002C4143002C4759002C43534215
:10178000000000002C565400230000003C050020FF
:101790002DE9F05F05460C46124E134801682046BD
:1017A000FEF7B1FD8346114801685846FEF753FD28
:1017B000804631464FF07E50FEF79FFD82464146FF
:1017C000FEF7A1FD074631462846FEF79CFD8146FF
:1017D0003946FEF740FD0549086008460068BDE847
:1017E000F09F00000AD7A33C000200204002002026
:1017F0002DE9F05F05460C46124E1348016820465D
:10180000FEF781FD8346114801685846FEF723FD27
:10181000804631464FF07E50FEF76FFD82464146CE
:10182000FEF771FD074631462846FEF76CFD8146FE
:101830003946FEF710FD0549086008460068BDE816
:10184000F09F00000AD7A33C000200208002002085
:101850000146072323EA01021202054B18684FF6DE
:10186000FF031840034B18431043014B18607047A7
:101870000CED00E00000FA0538B5002000906B4642
:1018800001227521682006F023FA2CA003F038FF0E
:101890009DF8000068280ED000BF3148006800F4B1
:1018A000E06030490843001D2D490860BFF34F8FA9
:1018B00000BF00BFFEE706F067FC00283CD178209F
:1018C00007F06CFA10B91DA003F01AFF782006F09B
:1018D00049FB10B924A003F013FFC82007F010FA49
:1018E00010B92BA003F00CFF05F068FA10B932A074
:1018F00003F006FF3D4806F08DFA044605F0B8FCFB
:1019000010B93BA003F0FCFE40F2731005F0FEF8A6
:1019100010B941A003F0F4FEC82005F0D9FB10B9BE
:1019200047A003F0EDFE07F06DFB012007F0E4F89F
:1019300010B94CA003F0E4FE38BD00006D70755F77
:101940007365745F73656E736F7220636F6D706C17
:10195000657465202E2E2E2E2E2E0D0A00000000FE
:101960000CED00E00000FA056D70755F636F6E6648
:1019700069677572655F6669666F20636F6D706C0D
:10198000657465202E2E2E2E2E2E0D0A00000000CE
:101990006D70755F7365745F73616D706C655F7298
:1019A00061746520636F6D706C657465202E2E2EDA
:1019B0002E2E2E0D0A000000646D705F6C6F616446
:1019C0005F6D6F74696F6E5F6472697665725F6672
:1019D00069726D7761726520636F6D706C65746597
:1019E000202E2E2E2E2E2E0D0A0000008800002004
:1019F000646D705F7365745F6F7269656E74617436
:101A0000696F6E20636F6D706C657465202E2E2E6D
:101A10002E2E2E0D0A000000646D705F656E6162EF
:101A20006C655F6665617475726520636F6D706C5F
:101A3000657465202E2E2E2E2E2E0D0A000000001D
:101A4000646D705F7365745F6669666F5F72617401
:101A50006520636F6D706C657465202E2E2E2E2EA2
:101A60002E0D0A006D70755F7365745F646D705F35
:101A7000737461746520636F6D706C657465202E7E
:101A80002E2E2E2E2E0D0A00704701B500200AE0E2
:101A9000002001E0411CC8B20A28FBDB9DF80010C1
:101AA000491EC9B200919DF800100029F0D108BD6F
:101AB0002DE9F04F8BB0FE48006800287ED14FF42E
:101AC0008050FC490860FC48007800F0B1FC002020
:101AD00002F0A0FB0446012002F09CFBC0F10009CB
:101AE0004946204600F0ECFE04EB090A0AEBDA71E5
:101AF0004810FEF70EFEF14AF14BCDE90201FEF768
:101B000019FD07460022EF4BFEF714FD0022EE4BB5
:101B1000CDE90401FEF780FD0022EC4BCDE9060182
:101B2000FEF77AFD05460022E94BFEF703FDCDE9FD
:101B30000801FEF783FEE749086008460068FEF7E3
:101B400052FE07460022E24BFEF766FD82468B46B8
:101B5000E1480068FEF747FE054652465B46FEF741
:101B600042FCCDE90801FEF769FEDB490860DB496C
:101B7000DB480068FEF7F9FB8246FEF734FE0746B5
:101B8000CE4ACF4BFEF7D6FC0546FEF757FED549A9
:101B90000860D5480168D3480068FEF7AEFB82466E
:101BA000FEF721FE07460022C94BFEF7C3FC05469F
:101BB000FEF744FECD490860CA4800E078E20068BC
:101BC000C9490860A9EB0400FEF7A3FD07460022FF
:101BD000C74BFEF721FD0022BB4BCDE90001FEF70C
:101BE0001BFDB64AB64BCDE90201FEF7A3FC00226D
:101BF000B44BCDE90401FEF79DFC0022B24BCDE9C8
:101C00000601FEF709FD0022B04BCDE90801FEF701
:101C100003FD05460022AE4BFEF78CFC8246FEF724
:101C20000DFEB449086008460068FEF7DCFD00229E
:101C3000A74BCDE90801FEF7EFFC07468846AE4802
:101C40000068FEF7D0FD82463A464346FEF7CBFBDE
:101C50000546FEF7F3FDA8490860A848007801286A
:101C600007D14FF07C50A649086000209A490860CF
:101C7000AAE0A2480078022812D1A248A049086030
:101C8000A1480078FEF740FD054629469C480068BB
:101C9000FEF76BFB9A49086000208F49086093E0CB
:101CA00096480078032812D19848994908609648C8
:101CB0000078FEF729FD0546294695480068FEF79D
:101CC00054FB9349086000208B4908607CE08B48F6
:101CD0000078042813D14FF081408D4908608A486C
:101CE0000078FEF711FD0546294689480068FEF791
:101CF0003CFB8749086000207F49086064E07F481A
:101D00000078052817D18148814908607E4800780D
:101D1000FEF7FAFC054629467D480068FEF725FBDC
:101D20007B4908600020744908607A487A49086055
:101D30007A49086048E071480078062818D14FF0C9
:101D400081407349086070480078FEF7DDFC054665
:101D500029466F480068FEF708FB6D4908600020BF
:101D6000654908606B486C4908606C4908602BE065
:101D70006248007808280BD14FF07C506049086019
:101D800000205549086064490860644908601BE008
:101D90005A48007807280AD161485949086000204C
:101DA0004D4908605C4908605C4908600CE000200F
:101DB00053490860564908605A4800685649086007
:101DC0005948006855490860514801684948006809
:101DD000FEF793FA0746514801683846FEF793FA32
:101DE0000546454801684C480068FEF78CFA0990A2
:101DF0003E4801684D480068FEF785FA08904C4857
:101E0000016838480068FEF778FA07904948016889
:101E10000798FEF778FA8246394801682D4800682D
:101E2000FEF76BFA0590444801680598FEF76BFAD7
:101E300007902948016841480068FEF764FA069057
:101E40000799FEF708FA83465146FEF704FA8046E2
:101E50000899FEF700FA07460999FEF7FCF90646CD
:101E60002946FEF7F8F980F0004035490860284817
:101E7000016820480068FEF740FA074627480168D5
:101E80003846FEF740FA05461B48016822480068BC
:101E9000FEF739FA09901548016824480068FEF7F2
:101EA00032FA0890224801680E4800684AE00000B3
:101EB000300121421404014000000020F1D4C85335
:101EC000FB21094000C0504000408F400060984016
:101ED00000006940DC000020D800002000003443EE
:101EE00004000020E0000020F0000020E4000020BA
:101EF00000206440EC000020E80000209401002055
:101F0000240100209A9919BF38010020000080C0E8
:101F10002C010020B7E2B24114010020180100207A
:101F20009A9999BE1C010020200100201001002078
:101F3000280100200C0100200801002004010020DD
:101F4000F4000020FEF7D9F983465B480168584643
:101F5000FEF7D9F982465948016859480068FEF7EA
:101F6000CCF90590574801680598FEF7CCF98346EF
:101F70005548016855480068FEF7C5F9594606906E
:101F8000FEF769F951460790FEF765F98046089912
:101F9000FEF761F907460999FEF7AFF906462946AB
:101FA000FEF7ABF980F000404949086049480068F5
:101FB000FEF719FC0022484BCDE90201FEF72CFB8D
:101FC00082468B463E480068FEF70DFC05465246A9
:101FD0005B46FEF708FA0746884640480068FEF769
:101FE00002FC3A464346CDE90401FEF7A3FACDE9E7
:101FF0000601FEF7D9FB0990FEF77DFB3849086022
:1020000033480068FEF7EFFB0022334BCDE90201B5
:10201000FEF702FBCDE9040129480068FEF7E3FB67
:102020008246DDE90423FEF7DEF9074688462B48A1
:102030000068FEF7D8FB3A464346CDE90601FEF7B5
:1020400079FA0546FEF7B0FB0990FEF754FB2549E7
:10205000086023480068FEF77AFB0546224A514291
:1020600001F0A1FC214908601E480068FEF76FFBE3
:1020700005461D4A514201F096FC1D4908601B4867
:10208000006801F083FC194908601948006801F0F4
:102090007DFC17490860174801681748006803F07D
:1020A00091F928B9124801681048006802F0D0FA86
:1020B0000BB0BDE8F08F00000C01002024010020CF
:1020C000DC00002008010020D800002004010020CE
:1020D000F8000020F40000200000694030010020DA
:1020E000FC00002000010020D8F5FFFF10000020B8
:1020F00014000020340100200400002000212349A6
:102100008279002A3AD00A46126803689A430B463D
:102110001A600A1D126803689A430B1D1A6002793F
:1021200011440A6803681A430A60184A08321268A0
:1021300003689A43154B08331A601A1D1268036826
:102140009A43124B0C331A604279102A0ED11A1F8F
:10215000126803681A430D4B08331A601A1D12687F
:1021600003681A43094B0C331A600DE007494279A2
:1021700011440A6803681A430A6005E002791144B1
:102180000A6803689A430A6070470000000401402F
:1021900000B587B00121022001F064FE0121042076
:1021A00001F080FEC020ADF8000004208DF803008F
:1021B00069461C4800F0A8F804A803F0F9F80020CC
:1021C000ADF810004FF6FF70ADF814000020ADF828
:1021D0001600ADF8120004A9134803F097F8002385
:1021E0001A460321104802F06DFE01A802F0F2FE2B
:1021F0000A20ADF80C0001A90B4802F095FE012160
:10220000094802F049FD01221146074802F0EBFEA1
:102210000021054803F04BF80121034802F042FD7C
:1022200007B000BD000801400004004000B587B0C1
:102230000121042001F016FE0121082001F032FEE8
:10224000C020ADF8000004208DF8030069461C484A
:1022500000F05AF804A803F0ABF80020ADF8100025
:102260004FF6FF70ADF814000020ADF81600ADF881
:10227000120004A9134803F049F800231A46032169
:10228000104802F01FFE01A802F0A4FE0A20ADF8DB
:102290000C0001A90B4802F047FE0121094802F099
:1022A000FBFC01221146074802F09DFE0021054873
:1022B00002F0FDFF0121034802F0F4FC07B000BD6D
:1022C000000C01400008004030B500228B071C0FB5
:1022D0000F2303FA04F20B4B8C1053F82430934372
:1022E000084C8D1044F8253023468C1053F82430C8
:1022F0008C07240F00FA04F42343024C8D1044F899
:10230000253030BD080001402DE9F041024600258E
:102310000026002000230024002791F803C00CF0C1
:102320000F0591F803C00CF0100CBCF1000F03D0A6
:1023300091F802C04CEA050591F800C0BCF1000F0D
:1023400031D0146800202BE04FF0010C0CFA00F3A0
:10235000B1F800C00CEA03069E4220D183004FF082
:102360000F0C0CFA03F7BC4305FA03FC4CEA040417
:1023700091F803C0BCF1280F06D14FF0010C0CFA04
:1023800000FCC2F814C00AE091F803C0BCF1480F89
:1023900005D14FF0010C0CFA00FCC2F810C0401C33
:1023A0000828D1D31460B1F800C0BCF1FF0F34DDB0
:1023B000546800202EE000F1080C4FF0010808FAE4
:1023C0000CF3B1F800C00CEA03069E4221D1830051
:1023D0004FF00F0C0CFA03F7BC4305FA03FC4CEA70
:1023E000040491F803C0BCF1280F05D100F1080CDA
:1023F00008FA0CF8C2F8148091F803C0BCF1480F39
:1024000007D100F1080C4FF0010808FA0CF8C2F8E7
:102410001080401C0828CED35460BDE8F0810246ED
:10242000002093680B400BB1012000E000207047B2
:102430002DE9F04F91B0804601F008FFE2490860B5
:10244000B8F1010F1BD101F0B7FDE0480068E04989
:102450000860E049B1F90000FEF74DF9DE49086077
:10246000DC49B1F90400FEF746F9DC490860DC49B3
:10247000B1F90400FEF73FF9DA490860A1E144210F
:10248000D02000F0A5FA83464321D02000F0A0FA26
:102490000BEB00200990FEF72EF906464621D020CE
:1024A00000F096FA83464521D02000F091FA0BEB1C
:1024B00000200990FEF71FF90A904821D02000F073
:1024C00087FA83464721D02000F082FA0BEB0020E8
:1024D0000990FEF710F907463C21D02000F078FA69
:1024E00083463B21D02000F073FA0BEB00200990CB
:1024F000FEF701F90D903E21D02000F069FA8346E5
:102500003D21D02000F064FA0BEB00200990FEF78B
:10251000F2F882464021D02000F05AFA83463F214B
:10252000D02000F055FA0BEB00200990FEF7E3F8FD
:1025300005464FF08E413046FEF7A6F905D24FF022
:102540008F413046FDF7D9FE06464FF08E410A987E
:10255000FEF79AF905D24FF08F410A98FDF7CDFEAC
:102560000A904FF08E413846FEF78EF905D24FF0B3
:102570008F413846FDF7C1FE07464FF08E410D985A
:10258000FEF782F905D24FF08F410D98FDF7B5FEA9
:102590000D904FF08E415046FEF776F905D24FF080
:1025A0008F415046FDF7A9FE82464FF08E412846E6
:1025B000FEF76AF905D24FF08F412846FDF79DFEE0
:1025C000054686F00040844908600D98FEF70BF937
:1025D000854A864BCDE90601FEF71EF8CDE90801D4
:1025E000FEF72CF910905046FEF7FDF87E4A7F4B1F
:1025F000CDE90601FEF710F8CDE90801FEF71EF956
:102600000F902846FEF7EFF8774A784BCDE90601A0
:10261000FEF702F8CDE90801FEF710F90E903046FA
:10262000FEF7E1F84FF06632714BCDE90601FDF798
:10263000F3FFCDE90801FEF701F981460A98FEF79C
:10264000D2F84FF066326A4BCDE90601FDF7E4FFA0
:10265000CDE90801FEF7F2F8044666480078022842
:1026600037D189F0004002460390DDE90E1000F0FA
:10267000D1FB8346FEF7B7F85F4A604BCDE9040112
:10268000FDF7CAFF00225E4BCDE90601FDF752FFC0
:10269000CDE90801FEF7D2F84C49086022460E99B0
:1026A000109800F013FD8346FEF79DF8524A534BF5
:1026B000CDE90401FDF7B0FF0022514BCDE9060141
:1026C000FDF738FFCDE90801FEF7B8F84D4908607D
:1026D0006FE04848007803286BD12846FEF783F85E
:1026E000CDE902015046FEF77EF8CDE90001DDE9B3
:1026F000022303F0AFFF0022414BCDE90401FDF7B7
:1027000019FF3D4A3D4BCDE90601FDF785FFCDE9B7
:102710000801FEF793F80C902846FEF764F8CDE91F
:1027200002010D98FEF75FF8CDE90001DDE9022313
:1027300003F090FF0022324BCDE90401FDF7FAFED1
:102740002D4A2E4BCDE90601FDF766FFCDE90801C4
:10275000FEF774F80B903046FEF745F84FF06632FE
:10276000294BCDE90601FDF757FFCDE90801FEF73A
:1027700065F8834659460C98FFF70AF880F0004048
:10278000124908600A98FEF72EF84FF066321E4B89
:10279000CDE90601FDF740FFCDE90801FEF74EF84F
:1027A000834659460B98FFF723F880F000401549FF
:1027B000086006480068064908600848076009483C
:1027C000056011B0BDE8F08F1800002070000020F7
:1027D000040000205C000020080000200C00002005
:1027E000620000201C0000208FC2F5285C1F9A4068
:1027F000665E8D4000000020F1D4C853FB210940E3
:10280000008066406C0000206666304010B500F025
:1028100045F8044603492046FDF775FD0446204669
:1028200010BD0000C3F5804010B5012016490860B6
:102830000F2004F02FF900201449C1F8800114483A
:10284000007800F08000E8B11148007800F03F0007
:1028500010490860084600880004086008460068BF
:102860000D49098808440B49086008460068AA21F8
:1028700048434FF47A71B0FBF1F00649086000203C
:102880000349088010BD0000800121420000214260
:10289000D4000020D0000020D600002070B5052014
:1028A000FEF7B6FD05462846FDF72EFF064603490E
:1028B000FDF729FD0446204670BD00003333533A2E
:1028C0002DE9F04F87B083468A465846FDF721FF31
:1028D0000022344BCDE90001FDF72CFE0022324BE3
:1028E000CDE90201FDF798FE804600222F4BFDF74F
:1028F00093FE064600222E4BFDF78EFE0446FDF7A2
:102900009DFF05900598FDF76EFF2A4A2A4BCDE9F9
:102910000201FDF70FFE80460022284BFDF70AFE5C
:1029200006460022264BFDF777FE0446FDF786FF9C
:10293000244908605046FDF7ECFE0022194BCDE912
:102940000001FDF7F7FD06460022174BFDF764FE78
:1029500004460022154BFDF75FFE80460022144B13
:10296000FDF75AFECDE90201FDF768FF04900498D7
:10297000FDF739FF80460F4A0F4BFDF7DBFD0022C4
:102980000E4BCDE90201FDF7D5FD064600220C4BAA
:10299000FDF742FE0446FDF751FF0B49086007B002
:1029A000BDE8F08F000069400000104000003E408C
:1029B00000002640F1D4C853FB21094000C050401C
:1029C000000024403C0100204001002000BFFEE741
:1029D00070B505460E46002400F0EAF8284600F0DF
:1029E000B5F8641C00F03CF9304600F0AFF8641C08
:1029F00000F036F900F0DCF8691CC8B200F0A6F867
:102A0000641C00F02DF9002000F068F8044600F086
:102A100003F9204670BD000010B500200E49086083
:102A20000E48006820F470600C4908600846006891
:102A300040F44070086000200949C1F8A801012055
:102A400004F028F801200449086004F023F800206D
:102A50000349C1F8AC0110BDAC812142040C014016
:102A60000080214208B50121082001F01BFA4FF433
:102A70004060ADF8000010208DF8030003208DF8B1
:102A8000020069460148FFF73FFC08BD000C014009
:102A900010B500200E4908600E48006820F47060F0
:102AA0000C4908600846006840F440700860012046
:102AB0000949C1F8A80103F0EDFF012004490860AD
:102AC00003F0E8FF00200449C1F8AC0110BD00008C
:102AD000AC812142040C01400080214270B50546C2
:102AE00000241748006820F4706015490860084603
:102AF000006840F400600860002616E000201149DC
:102B00000860022003F0C6FF01200F49C1F8AC01A4
:102B10006006040E0B488438006808B1601CC4B21B
:102B2000022003F0B7FF701CC6B2082EE6DB15B119
:102B3000FFF772FF01E0FFF7ABFF204670BD00001A
:102B4000040C0140AC8121420080214270B5044652
:102B50001448006820F47060124908600846006854
:102B600040F44070086000200F490860002516E01E
:102B7000E0090D49091F08606006040E012003F0FA
:102B800089FF01200949C1F8AC0103F083FF00204F
:102B900005490860012003F07DFF681CC5B2082DBF
:102BA000E6DB70BD040C0140AC8121420080214273
:102BB00010B51648006820F4706014490860084693
:102BC000006840F440700860012011490860114815
:102BD000D0F8280108B9002010BD01200C49091DBA
:102BE000086003F057FF00200A49C1F8A80108480F
:102BF0008038006808B10020EEE7012003F04AFFAA
:102C000000200349091D08600120E5E7040C01408C
:102C1000A88121420080214210B50E48006820F4AE
:102C200070600C4908600846006840F44070086015
:102C30000020094908600949C1F8A801012003F0F2
:102C400029FF0120044908600449C1F8A80103F0E4
:102C500021FF10BD040C0140AC81214200802142C3
:102C600010B500241548006820F47060134908600E
:102C70000846006840F400600860012010490860C0
:102C800003F008FF01200F49C1F8AC0103F002FF77
:102C90000AE0601CC4B2322C03DDFFF7BDFF002048
:102CA00010BD012003F0F6FE0548803800680028BA
:102CB000EFD10349091D08600120F1E7040C014030
:102CC000A88121420080214270B505460E46144677
:102CD00031462846FFF77CFE2070012070BDF8B514
:102CE00006460F4614461D466A4639463046FFF7EB
:102CF000EBFF2DB10120A0409DF80010084305E036
:102D00000120A0409DF8001021EA0000C0B2009010
:102D10009DF800203946304600F036F8F8BD2DE920
:102D2000F8430746884614461D46089E6A464146B3
:102D30003846FFF7C9FF28B3601CFF2101FA00F0F5
:102D4000C4F108012944491EFF220A41104300F042
:102D5000FF09C5F1080006FA00F0C6B2C4F1070089
:102D600006419DF8000000EA090000909DF800006F
:102D7000304300909DF800204146384600F004F8AA
:102D8000BDE8F8830020FBE737B504460D4602ABEB
:102D900001222946204600F001F83EBD2DE9F04110
:102DA00080460D4616461F460024FFF701FF4046A9
:102DB000FFF7CCFEFFF754FF2846FFF7C7FEFFF7EB
:102DC0004FFF00BF06E0385DFFF7C0FEFFF748FF8A
:102DD000601CC4B2B442F6DBFFF71EFF0120BDE861
:102DE000F081000001464906084A926942F001025A
:102DF000064B9A61064A526822F0E062044B5A6020
:102E00001A4652680A435A60704700000010024098
:102E1000000001402DE9F04FADB0044689469246CE
:102E2000A3482B90A349D1E90023D1E90201CDE9C0
:102E30002723CDE92901CDF898A09E4B1033D3E983
:102E40000021D3E90203CDE92403CDE922219949E8
:102E5000203103C9CDE920019649283103C9CDE9C4
:102E60001E01944B30330FCB1AAD0FC59148403043
:102E7000006819908F4B4433D3E90020D3E9021343
:102E800016AD0BC515928B49543103C9CDE9130119
:102E90000020119012900F9010900B900C900D90BC
:102EA0000E900790089009900A9005900690049063
:102EB0004846FDF798FC0746884684F0004001909C
:102EC000FDF791FC3A464346CDE9020103F0C2FB0F
:102ED0000546FDF7B3FC834611A8774922AA0123D2
:102EE000CDE90021029002221146104605F0FEFFB6
:102EF0000FA826A920AA0123CDE9002102901A4695
:102F00001946022005F0F2FF0F991198FDF7A3F979
:102F10006A49086010991298FDF79DF96749486061
:102F20000BA8674922AA0223CDE9002102901A4684
:102F30001946184605F0DAFF07A815A90BAA0223BF
:102F4000CDE9002102901A461946184605F0CEFF39
:102F50001A990798FDF77FF95A4908601B99089854
:102F6000FDF779F9574948601C990998FDF773F9FD
:102F7000544988601D990A98FDF76DF95149C86058
:102F800005A81EAA0223CDE9002102901A4619467F
:102F9000012005F0ABFF04A813A905AA0123CDE980
:102FA0000021029002221146184605F09FFF199950
:102FB0000498FDF750F9054629464FF07E50FDF77D
:102FC000D4F9049011A813A93E4A0123CDE90021A8
:102FD000029002221146104605F088FF3A4804A9E3
:102FE00011AA0123CDE9002102901A4619460220B8
:102FF00005F07CFF04A831491EAA0123CDE9002178
:10300000029002221146184605F070FF58460499B6
:10301000FDF773F9049011A804A92B4A0123CDE907
:10302000002102901A461946022005F05FFF234A4C
:1030300011991068FDF70FF91F4908601F4A12998E
:103040005068FDF708F91C4948600BA81EA91E4AE4
:103050000223CDE90021029001221146184605F015
:1030600045FF0B992798FDF748F90B900C99289884
:10307000FDF743F90C900D992998FDF73EF90D9055
:1030800027AA0E99D068FDF738F90E900C480D4923
:103090000BAA0223CDE9002102901A4619461846D0
:1030A00005F024FF044800682DB0BDE8F08F000053
:1030B0000AD7A33BE0C60008840200208C0200204F
:1030C00094020020B0060020A40200202DE9F04F59
:1030D000ADB0044689469246A3482B90A349D1E956
:1030E0000023D1E90201CDE92723CDE92901CDF85B
:1030F00098A09E4B1033D3E90021D3E90203CDE918
:103100002403CDE922219949203103C9CDE92001C9
:103110009649283103C9CDE91E01944B30330FCBBA
:103120001AAD0FC591484030006819908F4B443359
:10313000D3E90020D3E9021316AD0BC515928B49D4
:10314000543103C9CDE913010020119012900F9062
:1031500010900B900C900D900E9007900890099095
:103160000A900590069004904846FDF73CFB074600
:10317000884684F000400190FDF735FB3A4643460F
:10318000CDE9020103F066FA0546FDF757FB8346D9
:1031900011A8774922AA0123CDE900210290022239
:1031A0001146104605F0A2FE0FA826A920AA012369
:1031B000CDE9002102901A461946022005F096FE3C
:1031C0000F991198FDF747F86A490860109912980D
:1031D000FDF741F8674948600BA8674922AA022316
:1031E000CDE9002102901A461946184605F07EFEE8
:1031F00007A815A90BAA0223CDE9002102901A46BF
:103200001946184605F072FE1A990798FDF723F83B
:103210005A4908601B990898FDF71DF857494860FE
:103220001C990998FDF717F8544988601D990A9868
:10323000FDF711F85149C86005A81EAA0223CDE97F
:10324000002102901A461946012005F04FFE04A8FD
:1032500013A905AA0123CDE90021029002221146FB
:10326000184605F043FE19990498FCF7F4FF05464B
:1032700029464FF07E50FDF778F8049011A813A965
:103280003E4A0123CDE90021029002221146104658
:1032900005F02CFE3A4804A911AA0123CDE900212A
:1032A00002901A461946022005F020FE04A8314972
:1032B0001EAA0123CDE900210290022211461846E0
:1032C00005F014FE58460499FDF717F8049011A86C
:1032D00004A92B4A0123CDE9002102901A46194680
:1032E000022005F003FE234A11991068FCF7B3FF92
:1032F0001F4908601F4A12995068FCF7ACFF1C492F
:1033000048600BA81EA91E4A0223CDE900210290A5
:1033100001221146184605F0E9FD0B992798FCF7A4
:10332000ECFF0B900C992898FCF7E7FF0C900D9997
:103330002998FCF7E2FF0D9027AA0E99D068FCF7B8
:10334000DCFF0E900C480D490BAA0223CDE90021A9
:1033500002901A461946184605F0C8FD0448006850
:103360002DB0BDE8F08F00000AD7A33B3CC7000892
:10337000AC020020B4020020BC020020C0060020E5
:10338000CC02002008B50121042000F08BFD4FF491
:103390008070ADF8000048208DF8030069460248AF
:1033A000FEF7B2FF08BD00000008014010B504465A
:1033B00000F022F801280BD1601C0D490988B1EBFF
:1033C000400F0ADA0A480088401C0949088004E0D6
:1033D000002007490880074908800548008802281E
:1033E00003D101200349088010BD0020FCE7000044
:1033F000CE000020CC00002010B54FF480710448AE
:10340000FFF70DF808B9012010BD0020FCE700000F
:10341000000801401FB50121084600F043FD0121CD
:10342000042000F03FFD4FF48050ADF80C00482020
:103430008DF80F0003A91248FEF766FF0C2100204B
:10344000FEF742FF4FF48050019000208DF80800F5
:103450000C208DF8090001208DF80A0001A8FEF764
:103460004DFE28208DF8000002208DF8010001207B
:103470008DF802008DF80300684600F053F81FBD78
:103480000008014010B5022000F010F8032000F001
:1034900021F8002000F014F8002000F037F8002098
:1034A00000F02BF8002000F01FF810BD38B50446DE
:1034B000032302226B21D0200094FFF730FC38BD9B
:1034C00038B50446022304221C21D0200094FFF7C3
:1034D00026FC38BD38B50446022304221B21D02027
:1034E0000094FFF71CFC38BD10B5044623460122AA
:1034F0003721D020FFF7F3FB10BD10B5044623465B
:1035000005226A21D020FFF7EAFB10BD10B5044662
:10351000234606226B21D020FFF7E1FB10BD00BF40
:10352000FEE7704770B5002100230F22C47804B372
:10353000154C246804F4E064C4F5E064210AC1F188
:103540000403CA40447804FA03F184781440214308
:1035500009010E4C0678A155047804F01F050124DA
:10356000AC4005786D11AD0005F1E025C5F80041CE
:1035700009E0047804F01F050124AC40044D0678EE
:10358000761145F8264070BD0CED00E000E400E047
:1035900080E100E010B5002000F020FF10BDF8B57C
:1035A00007460C4615461E46002C0CDD032C0ADC93
:1035B000601E00EB80004006020E2B4600213846BC
:1035C000009600F001F8F8BD2DE9F04107460C46E1
:1035D00015461E46DDF818800EB1FFF7DBFF2946C1
:1035E000204600F00BFF01220549384600F060FF3D
:1035F000B8F1000F01D000F095F9BDE8F0810000AE
:10360000A400002010B500F013F800F0E9F8012341
:103610001A46194601A0FFF7C2FF10BD6F6C656422
:1036200020696E697420737563636573732100008C
:103630000848806940F0080006498861064800682B
:1036400020F0FF00044908600846006840F033009D
:103650000860704700100240040C014070B5044639
:103660001448006820F0F00012490860084600681D
:1036700040F03000086000200F490860002516E087
:10368000E0090D49091D08606006040E0120FEF7DF
:10369000FCF901200949C1F8A001FEF7F6F9002064
:1036A000054908600120FEF7F0F9681CC5B2082D35
:1036B000E6DB70BD040C0140A08121420080214264
:1036C00010B51648006820F0F0001449086008465C
:1036D000006840F03000086001201149086011487E
:1036E000D0F8240108B9002010BD01200C49091FA1
:1036F0000860FEF7CAF900200A49C1F8A401084889
:103700008038006808B10020EEE70220FEF7BDF91E
:1037100000200349091F08600120E5E7040C01406F
:10372000A48121420080214210B51048006820F099
:10373000F0000E4908600846006840F0300008605C
:1037400000200B4908600B49C1F8A4010220FEF7D4
:103750009CF9012006490860FEF797F90120054908
:10376000C1F8A4010220FEF790F910BD040C01403D
:10377000A08121420080214210B500241548006834
:1037800020F0F000134908600846006840F080000F
:103790000860012010490860FEF777F901200F4901
:1037A000C1F8A001FEF771F90AE0601CC4B2322C26
:1037B00003DDFFF7B9FF002010BD0120FEF765F91A
:1037C0000548803800680028EFD10349091F0860C8
:1037D0000120F1E7040C0140A48121420080214234
:1037E00010B540F6C41400E0641E002CFCD1AE22DB
:1037F00000213C2005F0BCFCA62200213C2005F065
:10380000B7FCAE2200213C2005F0B2FCD5220021FD
:103810003C2005F0ADFC802200213C2005F0A8FCF6
:10382000A82200213C2005F0A3FC1F2200213C20FF
:1038300005F09EFCD32200213C2005F099FC0022DB
:1038400011463C2005F094FC402200213C2005F06C
:103850008FFC8D2200213C2005F08AFC14220021DF
:103860003C2005F085FC202200213C2005F080FC56
:10387000022200213C2005F07BFCA12200213C20FB
:1038800005F076FCC82200213C2005F071FCDA220C
:1038900000213C2005F06CFC022200213C2005F0B8
:1038A00067FC812200213C2005F062FCCF22002130
:1038B0003C2005F05DFCD92200213C2005F058FC9D
:1038C000F12200213C2005F053FCDB2200213C20AA
:1038D00005F04EFC402200213C2005F049FC2E2240
:1038E00000213C2005F044FCA42200213C2005F0EE
:1038F0003FFCA62200213C2005F03AFCAF2200212B
:103900003C2005F035FC002000F068FD00F0E6FDED
:1039100000200349088048800120487110BD000044
:103920009C00002010B500F0D9FD10BD2DE9F0413C
:1039300005460E4617469846FFF7C2FE10B901200D
:10394000BDE8F0816906080EFFF788FEFFF714FF57
:1039500018B9FFF7E9FE0120F2E73046FFF77EFED7
:10396000FFF70AFF00240BE018F80400FFF776FECB
:10397000FFF702FF18B9FFF7D7FE0020E0E7641C4D
:10398000BC42F1DBFFF7D0FE0020D9E70146002959
:1039900002DD01F214507047002902DAA1F214503E
:1039A000F9E70846F7E703461846884200DD08466F
:1039B000904200DA10467047704700002DE9F0434E
:1039C00089B09B4840783038052818D2DFE800F0ED
:1039D0001303070B0F0001209649087013E0022023
:1039E000944908700FE00320924908700BE004200E
:1039F0009049087007E000208E49087003E000201D
:103A00008C49087000BF00BF8948C078312802D1B6
:103A10000520884908708648C078322802D10620DF
:103A2000844908708248FCF702FC15280CD200205B
:103A30008149087050217E48FCF7E2FB7FA001F02D
:103A40000BFD09B0BDE8F08379484079312806D1F3
:103A500000F03CFC00F02AF97DA001F0FDFC744868
:103A6000C079312806D101207B49086078A001F097
:103A7000F3FC09E06E48C079322805D10020764970
:103A8000086073A001F0E8FC6948407A312860D1F1
:103A9000142104A8FCF7B4FB0020029003900090CE
:103AA00001906EA1624800F011FE814609F101000B
:103AB00000B9C6E76A480068A0EB09025C4800EB61
:103AC000090104A8FCF783FB66A104A800F0FEFD31
:103AD0000446601C00B9B4E7A21E0DF1120102A851
:103AE000FCF775FB02A802F083FE074600225E4B3E
:103AF000FCF720FD0546FCF7A1FE5C490860142197
:103B000004A8FCF77DFB09EB0400554B1B681A1A4F
:103B1000474848442044411C04A8FCF758FB51A1E5
:103B200004A800F0D3FD0446601C00B989E7A21E7A
:103B30000DF112016846FCF74AFB684602F058FE98
:103B40000546FCF77BFE4A49086041A001F084FC71
:103B500000BF3748C07A312860D1142104A8FCF78F
:103B60004FFB0020029003900090019041A130484B
:103B700000F0ACFD814609F1010000B961E7384869
:103B80000068A0EB09022A4800EB090104A8FCF731
:103B90001EFB34A104A800F099FD0446601C00B986
:103BA0004FE7A21E0DF1120102A8FCF710FB02A8BC
:103BB00002F01EFE074600222B4BFCF7BBFC05461D
:103BC000FCF73CFE2C490860142104A8FCF718FB04
:103BD00009EB0400224B1B681A1A1548484420447C
:103BE000411C04A8FCF7F3FA24A104A800F06EFD20
:103BF0000446601C00B924E7A21E0DF112016846BC
:103C0000FCF7E5FA684602F0F3FD0546FCF716FE00
:103C10001B4908600EA001F01FFC00BF00200649F0
:103C2000087050210248FCF7EBFA00BF09E70000DA
:103C300018060020940100208401002024526563AE
:103C4000656976655061636B4572726F722300001F
:103C5000244F4B2300000000800100204150000051
:103C6000900100202C000000000059404401002079
:103C700048010020565000004C01002023000000A5
:103C80005001002010B506480268521C054906483C
:103C9000FCF79DFA50210348FCF7B2FA10BD000072
:103CA00088010020C80500201806002070B53221C8
:103CB0005148FCF7A5FA504850A10968016000215D
:103CC0004F480068FCF7E0FD15D84E494C480068A5
:103CD000FCF7D0FD0FD84C4949480068FCF745FB7C
:103CE0000646FCF780FD044622460B4647A149489C
:103CF00001F016FD03E048A001F0AEFB70BD00210D
:103D000049480068FCF7C0FD11D83F4946480068A3
:103D1000FCF7B0FD0BD844480068FCF764FD04468E
:103D200022460B4639A1414801F0FAFC03E03AA0D3
:103D300001F092FBE2E700213D480068FCF7A4FD9A
:103D400015D830493A480068FCF794FD0FD82E4941
:103D500037480068FCF709FB0646FCF744FD0446BB
:103D600022460B4629A1334801F0DAFC03E02AA0E1
:103D700001F072FBC2E700212F480068FCF784FDC8
:103D800011D821492C480068FCF774FD0BD82A484B
:103D90000068FCF728FD044622460B461BA1274875
:103DA00001F0BEFC03E01CA001F056FBA6E7194998
:103DB0001148FCF730FA22A10F48FCF72CFA1B49F6
:103DC0000D48FCF728FA1FA10B48FCF724FA194903
:103DD0000948FCF720FA1CA10748FCF71CFA174910
:103DE0000548FCF718FA0FA10348FCF714FA02483B
:103DF00001F032FB00BF81E7950100202441500013
:103E00004401002000409C460000C84225332E3269
:103E10006600000068060020244765745049444548
:103E200072726F72230000004801002072060020A9
:103E30004C0100207C060020500100208606002056
:103E40002C4144002C5650002C56490001460020BD
:103E5000034A506820F44040084350607047000017
:103E60000010024029B1064AD2690243044BDA61CC
:103E700004E0034AD2698243014BDA6170470000D3
:103E80000010024029B1064A12690243044B1A612C
:103E900004E0034A12698243014B1A617047000033
:103EA0000010024029B1064A92690243044B9A610C
:103EB00004E0034A92698243014B9A617047000013
:103EC0000010024029B1064AD2680243044BDA606E
:103ED00004E0034AD2688243014BDA607047000075
:103EE0000010024030B500210022002400232D4D97
:103EF0006D6805F00C0121B1042905D0082923D1F2
:103F000005E0294D056022E0274D05601FE0254DA5
:103F10006D6805F47012234D6D6805F48034022538
:103F200005EB92421CB9214D554305600BE01D4D38
:103F30006D6805F400351DB11C4D5543056002E068
:103F4000194D5543056002E0174D056000BF00BFE5
:103F5000144D6D6805F0F0010909154D6B5C05689D
:103F6000DD4045600F4D6D6805F4E061090A104DB4
:103F70006B5C4568DD4085600A4D6D6805F46051F5
:103F8000C90A0B4D6B5C4568DD40C560054D6D6829
:103F900005F44041890B074D6B5CC568B5FBF3F533
:103FA000056130BD0010024000127A0000093D009A
:103FB00044000020540000202DE9F04F8FB00CA8E1
:103FC00089490DAB08AACDE900108849884802F05C
:103FD00001FF8548008800F4807000287ED0089892
:103FE000FCF789FB04464FF09D41FCF7BEF981497F
:103FF00008600998FCF77FFB04464FF09D41FCF7F1
:10400000B4F97D4908600A98FCF775FB04464FF047
:104010009D41FCF7AAF9794908600B98FCF76BFB06
:1040200004464FF09D41FCF7A0F9754908607148BE
:1040300001684FF08040FCF766F906906F48016810
:104040000698FCF760F982466B4801684FF04040E3
:10405000FCF759F906906A4801680698FCF753F98D
:1040600083465146FCF7F7F80790FCF7BCFB804607
:1040700002F0A8F806464FF06632624BFCF75AFA97
:104080000446FCF7DBFB604908605C4801684FF0C0
:104090008040FCF738F90390584801680398FCF712
:1040A00032F98246544801684FF04040FCF72BF942
:1040B0000390514801680398FCF725F9834651465F
:1040C000FCF71BF981464FF07E51FCF7C4F804461B
:1040D000FCF789FBCDE90401464800E081E0016876
:1040E0004FF08040FCF70FF983464348016858467B
:1040F000FCF709F98146414801684FF08040FCF720
:1041000002F983463E4801685846FCF7FCF88246AF
:104110004946FCF7A0F80446FCF765FB0746DDE9D5
:10412000042302F097FA4FF06632364BCDE90601D0
:10413000FCF700FA0546FCF781FB3449086030487B
:1041400001680068FCF7DFF803902C4801680068FC
:10415000FCF7D9F80290284801680068FCF7D3F80A
:104160008346244801680068FCF7CDF85946019061
:10417000FCF771F882460299FCF7BFF88146039973
:10418000FCF7BBF80446FCF72EFBCDE904011C4804
:10419000016818480068FCF7B6F8824617480168BD
:1041A00015480068FCF7AFF883465146FCF753F812
:1041B00081464FF08041FCF7A6F80446FCF713FB5C
:1041C0000746DDE9042302F045FA4FF066320D4B55
:1041D000CDE90601FCF7AEF90546FCF72FFB0C49CB
:1041E00008600FB0BDE8F08F68000020620000207A
:1041F0005C000020780000207C000020800000206F
:104200008400002066A64C406C0000207000002056
:1042100074000020014611B101290ED106E0094ABF
:10422000128810B20022074B1A8008E0064A128852
:1042300010B20022044B1A8001E0002000BF00BF32
:104240007047000024040040240800402DE9F05F7E
:104250004221D020FEF7BCFB05464121D020FEF7CD
:10426000B7FB05EB00242046FCF745FA82464FF0E9
:104270008E415046FCF708FB05D24FF08F41504667
:10428000FCF73BF882460D495046FCF76EF8834632
:10429000FCF7A9FA80460A4A0A4BFCF7A4F806463E
:1042A0000022094BFCF746F90446FCF7C7FA8246A0
:1042B0005046FCF74CFABDE8F09F00000000AA430E
:1042C000A4703D0AD74342400000244010B5164870
:1042D000016816480068FCF7CDFA03D01248006860
:1042E000124908601048416811480068FCF7C2FA9A
:1042F00003D00D4840680E4908600B4881680D489E
:104300000068FCF7B7FA03D00748806809490860DD
:104310000548C16808480068FCF7ACFA03D00248B9
:10432000C0680549086010BD9006002044010020C7
:10433000480100204C01002050010020F0B5034648
:104340001446802B01DA202900DBF0BD21480079DA
:1043500020B10CB9012000E000200446012C1CD142
:10436000CD1701EB5575ED1003EBC5151A4E755DB4
:104370000A46CE1701EB5676F610A1EBC6070126CA
:10438000BE403543EEB20846CD1701EB5575ED1032
:1043900003EBC515104F7E551AE0CD1701EB55758F
:1043A000ED1003EBC5150C4E755D0A46CE1701EBFB
:1043B0005676F610A1EBC6070126BE40B543084667
:1043C000CE1701EB5676F61003EBC616024FBD551D
:1043D00000BFBAE79C000020EC02002010B50446A4
:1043E0000CB9002000E0FF2002464FF400710248A3
:1043F000FBF7FFFE10BD0000EC020020014A108018
:10440000518070479C0000202DE9F04307460C4680
:1044100090462648008821780844802805DA2348F9
:10442000408861780844202802DB0020BDE8F08342
:10443000002530E0A7F12000617800FB01506168A1
:1044400031F81090002622E009FA06F000F400404E
:1044500058B1164A52882A4491B2144A12883244FA
:1044600090B24246FFF76AFF10E0B8F1000F01D1A9
:10447000012300E000231A460C4B5B882B4499B2C1
:104480000A4B1B88334498B2FFF758FF761C2078FC
:10449000B042D9D86D1C6078A842CBD803480088B8
:1044A00021780844014908803846BFE79C00002075
:1044B00070B504460D4616460AE020783246294675
:1044C000FFF7A2FF2178884201D0207870BD641CDC
:1044D00020780028F1D12078F8E7000010B50024FA
:1044E0001BE004F1B000C2B200213C2004F040FE09
:1044F000002211463C2004F03BFE102200213C200B
:1045000004F036FE0648802101FB04020B464021E0
:104510003C2004F037FE601CC4B2082CE1DB10BD67
:10452000EC0200207047000010B50C480068401EE7
:104530000A4908600A480068012807D1084600684F
:1045400020B9FCF7CDFF074800F086FF034800685C
:1045500010B9C8200149086010BD0000D00100203A
:10456000800100203C05002010B500F001F810BDCE
:104570000CB50020019000903348006840F4803072
:104580003149086000BF3048006800F400300090F6
:104590000198401C0190009818B90198B0F5A06FDF
:1045A000F1D12948006800F4003010B101200090DA
:1045B00001E0002000900098012843D123480068C2
:1045C00040F01000214908600846006820F0030010
:1045D00008600846006840F0020008601A48406819
:1045E000194948600846406848600846406840F4F9
:1045F000806048600846406820F47C1048600846A7
:10460000406840F4E81048600846006840F0807058
:10461000086000BF0C48006800F000700028F9D066
:104620000948406820F00300074948600846406890
:1046300040F00200486000BF0348406800F00C00F2
:104640000828F9D10CBD00000010024000200240F3
:1046500070B505460C4625B900201B490880091D88
:1046600008802CB90020184908310880091D0880ED
:10467000002D09DD284604F093FC1349091D08802C
:104680000020091F088008E000200F49091D08804C
:10469000284604F085FC0C490880002C09DD2046E2
:1046A00004F07EFC0849083108800020091D0880BC
:1046B00009E00020044908310880204604F070FC1D
:1046C00001490C31088070BD3434014030B50346D7
:1046D0000C4600211AE0585C2578A84200D014E06E
:1046E000002206E0521CA05C8D185D5DA84200D03F
:1046F00005E0A05C18B18818185C0028F2D100BF52
:10470000A05C08B9084630BD00BF491C585C0028B1
:10471000E1D1401EF7E7042808D14FF0E0210969F4
:1047200041F004014FF0E022116107E04FF0E02179
:10473000096921F004014FF0E022116170477047D0
:1047400010B51348006840F00100114908600846A0
:104750004068104908400E494860084600680E4904
:1047600008400B4908600846006820F48020086073
:104770000846406820F4FE0048604FF41F0088603F
:10478000FFF7F2FE4FF000600449086010BD000022
:10479000001002400000FFF8FFFFF6FE08ED00E009
:1047A000F0B50C46154600220021068C4FF6FE7728
:1047B0003E400684028B018C4FF60C7632407E1C04
:1047C00006EA03162E433243104EB0420ED0104E6E
:1047D000B0420BD0B0F1804F08D00E4EB04205D0A1
:1047E0000D4EB04202D00D4EB04206D14FF6FD76CE
:1047F000314044F00106314305E04FF6F576314093
:1048000044F00106314302830184F0BD002C0140D5
:10481000003401400004004000080040000C00404B
:10482000F0B50C461546002200210026078C4FF6F5
:10483000EF7C07EA0C070784028B018C4FF6FF77A9
:1048400007EA041640F6FF473A404FF6FF7707EABB
:1048500003373A434FF6FF7707EA05273A43114FEC
:10486000B8420ED0104FB8420BD0B0F1804F08D0F4
:104870000E4FB84205D00E4FB84202D00D4FB8428D
:1048800006D14FF6DF77394046F01007394305E08F
:104890004FF65F77394044F01007394302830184B3
:1048A000F0BD0000002C0140003401400004004035
:1048B00000080040000C0040F0B50C4615460022F0
:1048C00000210026078C4FF6FF6C07EA0C070784CF
:1048D000828B018C4FF6FF7707EA04264FF60C77A0
:1048E0003A404FF6FF7707EA03172F433A43114F39
:1048F000B8420ED0104FB8420BD0B0F1804F08D064
:104900000E4FB84205D00E4FB84202D00D4FB842FC
:1049100006D14FF6FF57394046F48077394305E01A
:104920004FF2FF57394044F4807739438283018442
:10493000F0BD0000002C01400034014000040040A4
:1049400000080040000C0040F0B50C46154600225F
:1049500000210026078C4EF6FF7C07EA0C0707842F
:10496000828B018C4FF6FF7707EA043640F6FF474B
:104970003A404FF6FF7707EA05273A434FF6FF77AD
:1049800007EA03373A43114FB8420ED0104FB842EE
:104990000BD0B0F1804F08D00E4FB84205D00E4F6B
:1049A000B84202D00D4FB84206D14DF6FF773940DC
:1049B00046F48057394305E047F6FF57394044F441
:1049C0008057394382830184F0BD0000002C0140F0
:1049D000003401400004004000080040000C00408A
:1049E00030B587B005460C4604F02AFC0121084684
:1049F000FFF738FAADF80850ADF804400020ADF8E4
:104A00000A00ADF8060001A94FF0804000F07EFCDE
:104A10000420ADF810000020ADF812000120ADF820
:104A200014000020ADF81600ADF8180004A94FF0EE
:104A3000804000F079FA1C208DF8000001208DF8EC
:104A400001008DF802008DF803006846FEF76AFD4C
:104A500001220521880700F0C6FA0121880700F02D
:104A600021F907B030BD00004FF08041088A2C4981
:104A7000097801F0800100294DD100F00101D1B188
:104A80002749097801F04001A9B12549097801F0C9
:104A90003F013F290AD12249098841F08001204A7B
:104AA00011804FF6FF711F4A118004E01C490988EC
:104AB000491C1B4A118000F0040161B318490978B0
:104AC00001F0400199B11649098841F08001144A6A
:104AD00011804FF08041098F124A11804FF08041C0
:104AE000098C21F020014FF08042118413E0002155
:104AF0000B4A11800B4A11800949098841F0400195
:104B0000074A118000214FF0804291841146098CA0
:104B100041F02001118400214FF080421182704742
:104B2000D4000020D60000200448008803480088F4
:104B300020F0010001490880704700001004004087
:104B4000044800880348008820F0010001490880DB
:104B5000704700001008004010B50121274800F000
:104B6000D2F9002849D00121244800F098F82448BF
:104B70000088401C2249088022480078401C2149B6
:104B8000087021480088002804DD1F480088401E66
:104B90001D4908801D48007808B9FCF79BFBFDF70C
:104BA00043FEFFF7C1FC17480078022823DD0020F0
:104BB00014490870FDF72AFE04461548016820468E
:104BC000FBF749FB1249086012480078401C114964
:104BD00008700846007832280DD10F490C4800684B
:104BE000FBF7C3FB0D49086000200949086009492B
:104BF000087004F0DDF901F047FE10BD0010004020
:104C0000C8000020C1000020C20000202C000020AD
:104C1000BC000020C00000200000484234010020F9
:104C20001FB501211020FFF71DF941F61F40ADF817
:104C300004006320ADF8080001A9104800F066FBED
:104C400001210E4800F028F8012211460B4800F01F
:104C5000CAF936208DF8000004208DF801000220EA
:104C60008DF8020001208DF803006846FEF75AFC1B
:104C70000121024800F016F81FBD0000001000409E
:104C800021B1028842F08002028004E002884FF6DF
:104C90007F731A4002807047CA4302827047CA433A
:104CA0000282704721B1028842F00102028004E0D2
:104CB00002884FF6FE731A400280704731B1B0F897
:104CC000442042F40042A0F8442005E0B0F844201B
:104CD000C2F30E02A0F844207047000010B504464D
:104CE0006848844208D10121C014FFF7EBF8002185
:104CF000E014FFF7E7F8C4E0B4F1804F08D10121D8
:104D00000846FFF7BFF800210120FFF7BBF8B8E025
:104D10005D48844208D101210220FFF7B3F8002149
:104D20000220FFF7AFF8ACE05848844208D10121D7
:104D30000420FFF7A7F800210420FFF7A3F8A0E064
:104D40005348844208D101210820FFF79BF8002135
:104D50000820FFF797F894E04E48844208D10121DB
:104D60001020FFF78FF800211020FFF78BF888E064
:104D70004948844208D101212020FFF783F800210F
:104D80002020FFF77FF87CE04448844208D10121CD
:104D90004014FFF797F800216014FFF793F870E0D4
:104DA0003F48844209D10121C804FFF78BF8002154
:104DB0004FF40020FFF786F863E03A48844209D1B7
:104DC00001210805FFF77EF800214FF48010FFF75E
:104DD00079F856E03448844209D101214805FFF7AB
:104DE00071F800214FF40010FFF76CF849E02F48EC
:104DF000844208D101214020FFF744F800214020DF
:104E0000FFF740F83DE02A48844208D10121802084
:104E1000FFF738F800218020FFF734F831E025480B
:104E2000844208D101218015FFF72CF80021A0153C
:104E3000FFF728F825E02048844209D10121080421
:104E4000FFF740F800214FF48030FFF73BF818E0FF
:104E50001A48844209D101214804FFF733F80021A0
:104E60004FF40030FFF72EF80BE01548844208D1CC
:104E700001218804FFF726F800214FF48020FFF776
:104E800021F810BD002C0140000400400008004043
:104E9000000C0040001000400014004000340140AD
:104EA000004C0140005001400054014000180040F7
:104EB000001C004000200040004001400044014030
:104EC00000480140F0B50C4615461E460021002260
:104ED00000230189028B038C4FF6F8773940214378
:104EE0004FF6FC473A4040F201173A434FF6DD7760
:104EF0003B404FF6FF7707EA06172F433B430181FC
:104F000002830384F0BD30B5024600200023002454
:104F1000158A05EA0103958905EA010413B10CB16C
:104F2000012000E0002030BD70B505460C46244845
:104F300085420ED0234885420BD0B5F1804F08D072
:104F40002148854205D02148854202D0204885422B
:104F500000D100E000BF208850B92389A288618871
:104F60002846FFF71DFCE188284600F0A2F925E05D
:104F7000208804280AD12389A28861882846FFF75F
:104F80004FFCE188284600F09DF917E020880828AA
:104F90000AD12389A28861882846FFF78DFCE18821
:104FA000284600F09CF909E02389A28861882846F8
:104FB000FFF7CAFCE188284600F09AF970BD0000AE
:104FC000002C014000340140000400400008004073
:104FD000000C0040002101804180012181800021DE
:104FE000C180018170471AB183890B43838102E03C
:104FF00083898B438381704770B50024002200238E
:10500000058C4FF6FE7635400584028C8388048B30
:105010004FF68F752C40B51E2C400D882C43751E05
:105020002A400D892A434D882A43144DA8420BD0AB
:10503000134DA84208D0134DA84205D0124DA842E6
:1050400002D0124DA84213D14FF6F7752A404D8970
:105050002A434FF6FB752A408D882A434FF6FF6599
:105060002B404FF6FF552B408D892B43CD892B4389
:1050700083800483CD888586028470BD002C014026
:10508000003401400040014000440140004801401C
:105090000A460021018B4FF6F77319401143018333
:1050A0007047000070B5002400220023058C4FF6E5
:1050B000EF7635400584028C8388048B48F6FF75B3
:1050C0002C404FF6FF452C400D884FF6FF7606EA40
:1050D00005252C434FF6DF752A400D8906EA051594
:1050E0002A434D8806EA05152A43154DA84202D0E9
:1050F000144DA8421DD14FF67F752A404D894FF6B9
:10510000FF7606EA05152A434FF6BF752A408D88BB
:1051100006EA05152A434FF6FF352B404FF2FF757F
:105120002B408D8906EA85052B43CD8906EA850546
:105130002B4383800483CD880587028470BD0000E3
:10514000002C0140003401400A460021018B4FF23F
:10515000FF7319404FF6FF7303EA022319430183DB
:105160007047000070B5002400220023058C4FF624
:10517000FF6635400584028C8388848B4FF68F75DB
:105180002C404FF6FC752C400D882C434FF6FF55F4
:105190002A400D894FF6FF7606EA05252A434D88F9
:1051A00006EA05252A43154DA84202D0144DA8420F
:1051B0001DD14FF2FF752A404D894FF6FF7606EA62
:1051C00005252A434FF6FF352A408D8806EA052536
:1051D0002A434EF6FF752B404DF6FF752B408D8907
:1051E00006EA05152B43CD8906EA05152B43838076
:1051F0008483CD888587028470BD0000002C014027
:10520000003401400A460021818B4FF6F7731940A4
:10521000114381837047000070B5002200230024F1
:10522000058C4EF6FF7635400584038C8488828B8E
:1052300048F6FF752A404FF6FF452A400D884FF685
:10524000FF7606EA05252A434DF6FF752B400D89AA
:1052500006EA05352B434D8806EA05352B430B4DF1
:10526000A84202D00A4DA84208D14BF6FF752C4047
:105270008D894FF6FF7606EA85152C43848082835C
:10528000CD88A0F84050038470BD0000002C014080
:10529000003401400A460021818B4FF2FF73194010
:1052A0004FF6FF7303EA0223194381837047818419
:1052B0007047028B4FF6F3731A400283028B0A4346
:1052C00002837047028B4FF2FF331A400283028B36
:1052D0004FF6FF7303EA01231A4302837047828B60
:1052E0004FF6F3731A408283828B0A43828370479E
:1052F000828B4FF2FF331A408283828B4FF6FF730B
:1053000003EA01231A4382837047000000220288C7
:105310001D4B98420ED01D4B98420BD0B0F1804FE0
:1053200008D01B4B984205D01A4B984202D01A4B1A
:10533000984204D14FF68F731A404B881A43174B8B
:10534000984207D0164B984204D04FF6FF431A40BC
:10535000CB881A4302808B8883850B8803850A4B90
:1053600098420BD0094B984208D00E4B984205D07A
:105370000D4B984202D00D4B984201D10B7A038617
:105380000123838270470000002C0140003401405B
:105390000004004000080040000C004000100040E5
:1053A000001400400040014000440140004801401A
:1053B0004FF6FF71818000210180C1804180017220
:1053C000704700002DE9F0410546884613492846FC
:1053D000FBF750FA13D312492846FBF755FA0ED3C0
:1053E00010480068FBF7FFF906464FF033320E4BCA
:1053F000FBF70CFA03D30D48007801280AD10124E9
:1054000000200B490880091D0880091D0880091D1E
:10541000088000E000242046BDE8F081000020C2A2
:105420000000204234010020333323402C000020B0
:105430003434014010B540F22551064800F098F888
:1054400030B1044800F050F9C4B2204601F072FABD
:1054500010BD00000050004070B505462C4603E02A
:10546000207800F04DF8641C20780028F8D170BD39
:1054700010B5002440F22551054800F079F830B10C
:10548000034800F031F9C4B2204600F003F810BD23
:105490000038014010B5044600BF8021044800F0E8
:1054A0005AF80028F9D02146014800F022F910BD31
:1054B0000038014010B540F22551084800F058F876
:1054C00058B140F22551054800F02AF8034800F091
:1054D0000BF9C4B2204600F003F810BD00440040B0
:1054E00010B5044600BF8021044800F034F80028BD
:1054F000F9D02146014800F0FCF810BD00440040FE
:1055000010B504462146054800F0F3F800BF4021DD
:10551000024800F020F80128F9D110BD00500040E9
:1055200010B50022002340F66A14A14200D100BF4A
:105530000A1201249440A3B2DC43048010BD21B1BF
:10554000828942F40052828104E082894DF6FF7321
:105550001A408281704702460020B1F5007F00D1D9
:1055600000BF13880B400BB1012000E00020704702
:1055700070B50246002400230025002040F66A167C
:10558000B14200D100BFC1F3421501F01F03012653
:1055900006FA03F3012D02D19689334006E0022D6D
:1055A00002D1168A334001E0968A33400C1201265C
:1055B00006FA04F41688344013B10CB1012000E05F
:1055C000002070BDF0B50346002400260025002011
:1055D00040F66A17B94200D100BF1846C1F3421421
:1055E00001F01F06012707FA06F5012C01D10C3046
:1055F00004E0022C01D1103000E014301AB1076829
:105600002F43076002E00768AF430760F0BD00006A
:105610002DE9F04786B005460E460024A24600BF9D
:10562000A1460027B08900B100BF2F462C8A4CF656
:10563000FF700440F08804432C82AC894EF6F310CE
:105640000440B08831890843718908430443AC8120
:10565000AC8A4FF6FF400440B0890443AC8201A8F5
:10566000FEF740FC1F48874202D1DDF810A001E0A0
:10567000DDF80CA0A88900F4004040B10AEBCA0094
:1056800000EB0A1031684900B0FBF1F807E00AEBC3
:10569000CA0000EB0A1031688900B0FBF1F8642001
:1056A000B8FBF0F004012009642101FB1089A889EE
:1056B00000F4004040B1322000EBC900B0FBF1F033
:1056C00000F00700044308E0322000EB09106421D9
:1056D000B0FBF1F000F00F0004432C8106B0BDE8F0
:1056E000F08700000038014001468888C0F30800B8
:1056F0007047C1F308028280704700BFFEE70000D8
:105700000FB4054B10B503A9044A029800F07EF9C6
:1057100010BC5DF814FB000085760008980000209E
:105720000FB4084B10B504A902AA039800F06EF953
:10573000044602A9002000F0ECFC204610BC5DF8F5
:1057400014FB000013610008490050EAC12018BF93
:1057500004204A0D18BF40F0010040F2FF72B2EB86
:10576000515F08BF40F00200012808BF05207047C4
:105770002DE9F0414F1E00EBC7010446D1E90001BD
:1057800015461E4637F006020DD02A463346FAF774
:10579000D1FE7F1E04EBC703D3E90023FAF723FEF3
:1057A00037F00602F1D1022F25D0042F13D0062F97
:1057B00018BFBDE8F0812A463346FAF7BBFED4E9AC
:1057C0000A23FAF710FE2A463346FAF7B3FED4E965
:1057D0000823FAF708FE2A463346FAF7ABFED4E967
:1057E0000623FAF700FE2A463346FAF7A3FED4E969
:1057F0000423FAF7F8FD2A463346FAF79BFED4E96C
:105800000223FAF7F0FD2A463346FAF793FED4E96D
:105810000023BDE8F041FAF7E6BD0122FBF798B995
:10582000FAF7E1BD0022134610461146FAF7F4BE1E
:10583000024A00201107FBF78BB9000001FDFFFFB2
:105840000148006870470000D402002002E008C848
:10585000121F08C1002AFAD170477047002001E0EA
:1058600001C1121F002AFBD17047000001490860E6
:1058700070470000D40200202DE9FF5F82B00021B4
:10588000DDE90430020DDDF840B0034318D044F6E2
:105890001050A2F2FF3242431514119801281FD074
:1058A000A5EB0B00401C5FEA000A4FF000064E4FCC
:1058B000DFF83891B046504615D5CAF1000413E020
:1058C000119801244AA3012801D16FEA0B01029823
:1058D000119AC0E90031C0E9024206B0BDE8F09F6C
:1058E000CBF10000DFE704460021404A491842EBB3
:1058F0000450CDE9001012E0E00707D032463B46E5
:1059000040464946FAF716FE8046894632463B46EF
:1059100010461946FAF70EFE06460F466410002C94
:10592000EAD1DDE90401DDE90023BAF1000F06DA6E
:10593000FAF700FE42464B46FAF7FCFD05E0FAF79F
:105940006BFE42464B46FAF767FE04460E460022BF
:10595000284BFBF72DF903D84FF0FF30014607E045
:105960000022254B20463146FAF73DFDFBF707F9AB
:10597000102409E0002C0ADB0A220023FAF7A4FF16
:10598000039B30321A55641E50EA0102F2D1641CA6
:10599000039AC4F111031444119A012A03D001227D
:1059A00008430DD10AE0084304D000204FF0110B4A
:1059B000119072E7A3EB0B056D1E0DE05B4504DD56
:1059C0004FF0000205F1010504E003DA4FF0000298
:1059D000A5F10105002AECD002981199C0E9023125
:1059E000C0E9004579E70000000014400000F03FE6
:1059F000300000000000F0430000E03F30380A288B
:105A000001D2012070470020704700002DE9FF4FB0
:105A100095B09A46884606460025EEE1252877D1BE
:105A200000242746F94A0121039400E0044316F8B4
:105A3000013F203B01FA03F01042F7D130782A28C9
:105A400011D06FF02F033078A0F13002092A16D858
:105A5000039A44F0020402EB820203EB4202104478
:105A6000761C0390EFE758F8042B0392002A03DA20
:105A7000504244F40054039044F00204761C307801
:105A80002E2816D116F8010F44F004042A280DD050
:105A90006FF02F023078A0F13003092B09D807EB03
:105AA000870302EB4303C718761CF3E758F8047B1F
:105AB000761C30786C280FD006DC4C2817D068286C
:105AC0000DD06A2814D104E0742810D07A280FD1A0
:105AD0000DE044F400140AE044F4801401E044F4BE
:105AE00040147278824202D104F58014761C761C30
:105AF000307866280BD013DC582877D009DC0028D2
:105B000075D04528F6D04628F4D047281AD193E11D
:105B100018E0632835D0642879D0652812D18BE14C
:105B2000702873D008DC6728F1D069286FD06E2800
:105B30000DD06F2806D1ACE073282CD0752874D016
:105B4000782853D05246179990476D1C54E1C4F3FE
:105B50000250022809D003280DD0D8F800100428DC
:105B60000DD00D6008F1040846E1D8F80010EA17DE
:105B7000C1E90052F6E7D8F800100D80F2E70D7089
:105B8000F0E718F8041B8DF8001000208DF80100D4
:105B9000EB46012003E058F804BB4FF0FF306107EB
:105BA0004FF0000102D40DE009F101018946B9422C
:105BB0000FDA8145F8DB1BF809100029F4D108E061
:105BC00009F1010189468142FADB1BF8091000291D
:105BD000F6D103985346A0EB090721463846179A99
:105BE00000F080FA284400EB090507E044E008E1F2
:105BF0000DE01BF8010B524617999047B9F10109C6
:105C0000F7D2534621463846179AF2E039E00A2186
:105C1000C4F302524FF0000B0091022A06D058F84C
:105C2000040BC117032A09D00AE023E008F107009A
:105C300020F00702F2E80201904605E000B2C11729
:105C4000042A01D140B2C117002906DA0A46002110
:105C5000404261EB02012D2202E0220504D52B22F5
:105C60008DF80420012203E0E20701D02022F7E7AB
:105C7000914657E00A2100E010214FF0000B0091FF
:105C80000BE010214FF0000B44F0040408270091B2
:105C900003E008204FF0000B0090C4F30252022AE8
:105CA00005D058F8040B0021032A08D008E008F1B9
:105CB000070020F00702F2E80201904603E080B2FC
:105CC000042A00D1C0B24FF0000922072AD5327849
:105CD000702A07D0DDF800C08CF0100C5CEA0B0CC9
:105CE00005D00EE040228DF80420012208E050EAA1
:105CF000010306D030238DF804308DF805200222F0
:105D00009146009B83F0080353EA0B030AD150EA43
:105D1000010201D1620705D530228DF804204FF031
:105D200001097F1E3278582A04D039A20C920CAA9D
:105D300002920BE03BA2F9E75B46009AFAF7C4FD3A
:105D40000C9B9B5C029A521E0292137050EA010255
:105D5000F2D1029804A9081A00F1200B600702D5BD
:105D600024F4803400E001275F4502DDA7EB0B003F
:105D700000E0002000EB0B01009003984944401A1A
:105D80000390E00306D453462146179A039800F087
:105D9000A9F90544002706E001A85246C05D1799FD
:105DA00090476D1C7F1C4F45F6DBE0030CD5534636
:105DB0002146179A039800F095F9054404E0302035
:105DC0005246179990476D1C0099481E0090002973
:105DD000F5DC08E00298029952460078491C0291CD
:105DE000179990476D1CBBF10001ABF1010BF1DC81
:105DF0005BE100F065F90544761C307800287FF4FB
:105E00000DAE19B02846BDE8F08F0000092801004A
:105E10003031323334353637383961626364656620
:105E200000000000303132333435363738394142E2
:105E30004344454600000000600700D4062708F1EF
:105E4000070020F00700F0E80223804603F0004C32
:105E50005FEA0C0001D097A009E0200501D596A0CB
:105E600005E0E00701D095A001E0AFF24C001390EF
:105E7000307823F0004365280CD006DC452809D093
:105E800046281DD047287FD13BE0662818D06728D8
:105E90007AD136E00021112F01DB112000E0781CBF
:105EA000CDE9000104A90CA8FFF7E6FCDDE90D012E
:105EB0000C9A4FF0000B07F10109109200914EE08F
:105EC0004FF000400097CDE9011004A90CA8FFF79E
:105ED000D3FCDDE90D020C9B0F994FF0000B9146AE
:105EE0001093009211B9791C00EB0109B7EB09007E
:105EF00003D4C0F1FF3B07F10109A9EB07000190B2
:105F000042E0012F00DA01270021112F01DD1120CD
:105F100000E03846CDE9000104A90CA8FFF7ACFC6D
:105F2000DDE90D010C9A00914FF0000BB94610927B
:105F300021070FD4009A4A4503DA914601E0A9F1FE
:105F40000109B9F1010F05DD109AA9F10101515CB8
:105F50003029F4D0B84202DA10F1040F03DA01213B
:105F6000CDE9011010E0002803DC8344A9EB000117
:105F700002E0411C494500DD8946A0EB0B00401CB6
:105F800001904FF000400290200705D40198484549
:105F900002DB4FF0FF30019000208DF84B0002989B
:105FA0000DF14B07B0F1004F25D002200C902B20B3
:105FB0000D90029800280CDA404202902D200D909E
:105FC00007E00A210298FAF769FC3031029007F8DD
:105FD000011D0C99481E0C900029F2DC0298002843
:105FE000EFD1791E0D980870307800F0200040F055
:105FF000450007F8020D11A8C01BC01D02901398A0
:10600000007800B1012000EB0901019801EBE0717B
:10601000029801440398401A401E0390E00306D4FE
:1060200053462146179A039800F05CF805441398EC
:10603000007818B15246179990476D1CE00323D59C
:1060400053462146179A039800F04CF805441BE08C
:10605000BBF1000F07DB0098584504DD1098179935
:1060600010F80B0001E01799302052469047019834
:106070000BF1010B401E05F10105019004D12E200A
:106080005246179990476D1CB9F10001A9F1010919
:10609000DEDC05E017F8010B5246179990476D1C9E
:1060A0000299481E02900029F4DC53462146179AB3
:1060B00003989EE62D0000002B0000002000000049
:1060C0002DE9F041044600251E461746880404D4F5
:1060D00005E039462020B0476D1C641EF9D52846DE
:1060E000BDE8F0812DE9F041044600251E469046AA
:1060F000C80301D5302700E02027880404D505E037
:1061000041463846B0476D1C641EF9D52846BDE8A7
:10611000F0810A68531C0B60107070472DE9FE4F28
:1061200006460F460025684601F0BAFA002442E010
:1061300056F8240057F82410A0EB010ABAF1000F1A
:1061400001DB514601E0CAF100010846FAF7D3FA33
:1061500083464FF08F41FAF708F980465DF8240036
:106160000021FAF787FB16D05DF824104046FAF7B5
:10617000FCF882464FF07E51FAF7BFF8814629F0CD
:10618000004A0F48416A5046FAF77EFB12D20120BE
:10619000A04005430EE00A48C1694046FAF76AFB91
:1061A00005D30748016A4046FAF76EFB02D2012088
:1061B000A0400543641C032CBADB2846BDE8FE8FD3
:1061C000C0BA00082DE9F04D8D4F21F0004A86B08D
:1061D00005460C46BA452ADBAAEB070028430AD03D
:1061E0008848824501DC1AD1CDB106B02846BDE809
:1061F000F04DFFF712BB844A844B2846FAF79AF910
:1062000007460E46824A834B28462146FAF792F902
:1062100006B03A463346BDE8F04DFAF7E4B801203F
:10622000FFF724FB06B0BDE8F04DFFF7FBBA7A4854
:10623000824542DABAF1795F0BDA2846FFF784FA31
:10624000042808BFFFF7F4FA284606B02146BDE847
:10625000F08D2A460B461046FAF76CF98346024643
:106260006E480E460B4606217844FFF781FA5A46DF
:106270003346FAF75FF9804669488A465A463346FC
:1062800004217844FFF774FA5A463346FAF752F974
:1062900000223B46FAF7A7F802460B464046514615
:1062A000FAF7BAF92A462346FAF744F906B02A461D
:1062B0002346BDE8F04DFAF796B8284624F0004191
:1062C00000223D463B46FAF732F94FF0FF32FAF72B
:1062D0003FFC0646024653480F460B4606217844CB
:1062E000FFF746FA32463B46FAF724F9CDE90001BA
:1062F0004D4832463B4604217844FFF739FA32468E
:106300003B46FAF717F900222B46FAF76CF883465A
:1063100002913046394602F005FF804643480D465B
:10632000504517DCDDE900015A46029BFAF774F983
:1063300042462B46FAF7FEF842462B46FAF753F848
:106340000122FAF705FC304A304BFAF7EDF8304AF3
:10635000304B4CE04FF0000A52460B464046FAF7ED
:1063600042F8CDE9031052462B4610461946FAF77B
:10637000E1F832463B46FAF7DAF8DDE90332FAF79C
:106380004BF906460F46DDE900015A46029BFAF733
:1063900043F983460091012230463946FAF7D8FB8B
:1063A000194A1A4BFAF7C3F806460F46012240462F
:1063B0002946FAF7CDFB5A46009BFAF7BBF832465E
:1063C0003B46FAF7B1F806460F46012250462946E9
:1063D000FAF7BEFB0E4DDFF858802A464346FAF71F
:1063E000A6F832463B46FAF7A2F82A464346FAF7A1
:1063F0009EF8002CD8BF81F0004106B0BDE8F08DBA
:106400000000F03F0000F07F075C143326A6913CAB
:10641000182D4454FB21F93F0000E03F2C6500009B
:1064200042650000B6640000CC6400003333EF3FE7
:10643000FB21E93F2DE9F84F04460D4621F00040CD
:1064400000917349814211DC7249884201DC06D116
:106450002CB120462946BDE8F84FFFF7DEB96E485B
:10646000002DCCBF6D496E49BDE8F88F6D49814262
:1064700011DD6D498142D8BF4FF0FF366DDD2046FA
:106480002946FFF761F9042808BFFFF7D1F9204634
:106490002946BDE8F88F6549654F25F000458142E2
:1064A00033DD6449814219DD002632464FF08043D6
:1064B00020462946F9F797FF80468A460122204662
:1064C0002946FAF745FB00223B46FAF72DF84246EB
:1064D0005346FAF7A1F804460D463EE00126002295
:1064E000BA463B4620462946F9F77DFF80460F46CF
:1064F0000022534620462946FAF716F842463B4604
:10650000FAF78AF804460D4627E04B4981421BDD25
:10651000DFF828A102260022534620462946FAF732
:1065200009F800223B46F9F75EFF80460F4600223D
:10653000534620462946F9F7F7FF42463B46FAF70D
:106540006BF804460D4608E0032622462B46002041
:106550003B49FAF761F804460D4622462B461046A1
:106560001946F9F7E7FF8B46824602460B46F9F7D4
:10657000E1FF07460246334888460B460621784429
:10658000FFF7F6F852465B46F9F7D4FF82462E48ED
:106590008B463A46434605217844FFF7E9F83A46E8
:1065A0004346F9F7C7FF02460B46002E50465946B0
:1065B0000CDAF9F718FF22462B46F9F7BBFF01B0BA
:1065C00022462B46BDE8F04FF9F7B1BFF9F70BFFB4
:1065D00022462B46F9F7AEFF1C4A7A4402EBC6036B
:1065E000D3E90023F9F7A0FF22462B46F9F79CFFD9
:1065F000174A7A4402EBC603D3E90023F9F797FF61
:10660000009A002AB8BF81F00041BDE8F88F000071
:10661000000010440000F07F182D4454FB21F93F86
:10662000FB21F9BF0000DC3F0000203E0000F33FEB
:106630000000F03F0000E63F008003400000F83F0C
:106640000000F0BFCE6200008C6200002A620000F1
:10665000F26100002DE9F04D9446CCF1000423F0E6
:1066600000464CEA0404594F46EAD4749A468846D8
:1066700021F00042BC4206D8454240EA050442EA05
:10668000D474BC4204D9BDE8F04D6246FFF7C8B8E7
:10669000AAF14055A5F17F6555EA0C040BD0022400
:1066A00004EAAA744A4DDFF82CE144EAD87452EAAD
:1066B000000B04D00CE0BDE8F04DFFF7BBBE002C92
:1066C00014BF012CBDE8F08D022C30D0032C32D049
:1066D00056EA0C0B0AD0BE4220D1BA4209D126F0AC
:1066E000804622F080423346114617E000291ADB2B
:1066F00025E0DFF8E4B0FB44002C04BFDBE9000137
:10670000BDE8F08D012C02BFDBE9000181F0004102
:10671000BDE8F08D022C0AD0032C0CD0BA4212D165
:10672000B8F1000F0BDA2A482C49BDE8F08D284655
:106730002B49BDE8F08D28467146BDE8F08D244810
:106740002849BDE8F08D921B12153C2AC4BF204F8A
:10675000244E10DCBAF1000FBEBF12F13C0F00272F
:106760003E4608DB6246F9F757FF21F00041FFF78C
:1067700061FE07460E4694B1012C08BF86F0004624
:106780000DD0194A194B022C3846314615D0F9F76D
:10679000CBFE2A46BDE8F04D114BF9F7C5BE0022ED
:1067A000134638463146FAF731F804BF0220FFF7A6
:1067B0005DF838463146BDE8F08DF9F7B5FE2A465A
:1067C000BDE8F04D064BF9F7B2BE00000000F07FC7
:1067D000182D4454FB2109C086610000FB21F9BF3C
:1067E000FB210940FB21F93F075C143326A6A13C9D
:1067F00030B583B00446FFF723F805460020CDE905
:106800000000024621466846FAF7DBF82846FFF703
:106810002DF8DDE9000103B030BD10B50220FBF713
:1068200017F800F0F3F80220FCF7DCFA0120FCF77F
:10683000D9FA01F0D5FA01F0B7FAFCF7A3FDFAF79F
:106840007BFD00214FF43460FAF78CFDFBF7A0FCD0
:10685000FBF7ECFC4FF4E13002F0A2FC4FF4967031
:1068600000F0FAF8FCF7FEF8FCF70CFEFBF704F872
:10687000FCF7C8FEFAF7ECFD47214FF6FF70FEF774
:10688000AFF8FEF7CDF910BD2348008858B923486A
:106890000088B0F5967F3DDD00202049088001206A
:1068A0001D49088036E01D480088142832DD00208C
:1068B0001A4908801A48007840B91A48006808B98F
:1068C000012000E00020174908600BE0164800682E
:1068D00008B9012000E00020134908600120134995
:1068E000C1F88C0112480088401C114908800846F4
:1068F000008806280ED10A48007818B900200949F6
:10690000086002E00020084908600020084908806B
:106910000149088070470000C4000020C800002022
:10692000CA0000208C812142AC012142008021421A
:10693000C60000200146242905D10122154B1A70FA
:106940000022154B1A60134A1278012A03D1134A08
:10695000114B1B68D1540F4A1278012A0AD12329FE
:1069600008D10F4B1A7000220A4B1A700A4A12689B
:106970000C4B1A60084A1268521C074B1A601A46E0
:106980001268502A05DB00221A60024B1A70044B71
:106990001A7070478C01002088010020C805002073
:1069A00084010020900100202DE9F0410446E078A8
:1069B00000F0C006E07800F03F05607800F00100CC
:1069C00098B1EF102846E91705EB5171C910A5EBF6
:1069D000C101491C01F0FF080B48006820B10A48BA
:1069E000414602683846904700BF607800F00800D2
:1069F00030B10548406818B1B011034A5168884762
:106A00000020BDE8F0810000A006002010B50E486F
:106A100000680E49B0FBF1F0C4B26FF00400FDF75E
:106A20007AFEE11704EB5171C910094A1170104642
:106A3000007800EB4001C1EBC0104FF6FF7101EA96
:106A4000C0000449088010BD3000002040420F0003
:106A5000580000205A00002001460D4A12884A437F
:106A60004FF0E0235A6100229A6101221A6100BFAF
:106A70004FF0E022106900F001021AB100F48032F8
:106A8000002AF5D000224FF0E0231A619A61704786
:106A90005A00002001460D4A12784A434FF0E02385
:106AA0005A6100229A6101221A6100BF4FF0E02270
:106AB000106900F001021AB100F48032002AF5D00A
:106AC00000224FF0E0231A619A61704758000020BD
:106AD00038B5044664B120208DF8000028208DF8D8
:106AE000010030208DF8020038208DF8030004E00A
:106AF000A32204216846F9F77CFB6A46042140F68C
:106B00009E2002F0B3F901F0A3FD38BD3EB5044666
:106B100002208DF80000CA208DF80100E3208DF8D6
:106B2000020009208DF803006A460421682002F063
:106B30009DF9A3208DF8000004F0400048B1C0206A
:106B40008DF80100C8208DF80200C2208DF80300E6
:106B500006E0A3208DF801008DF802008DF80300F7
:106B600004F4C07048B1C4208DF80400CC208DF826
:106B70000500C6208DF8060006E0A3208DF804006D
:106B80008DF805008DF80600A3208DF807008DF81C
:106B900008008DF809006A460A2140F6A72002F095
:106BA00065F904F0030018B120208DF8000002E020
:106BB000D8208DF800006A46012140F6B62002F088
:106BC00055F904F0200018B1012000F0ADF802E002
:106BD000002000F0A9F804F4C07008B304F4807039
:106BE00060B1B2208DF800008B208DF80100B62036
:106BF0008DF802009B208DF803000BE0B0208DF88B
:106C0000000080208DF80100B4208DF80200902053
:106C10008DF803006A46042140F6A22002F026F90E
:106C200004F0010020B3F8208DF800006A4601212D
:106C30004FF40B6002F01AF9FA21072000F02CFC47
:106C4000072000F0F3FB012000F013FC642000F0AB
:106C5000F3FC4FF4FA7000F002FDC821304800F058
:106C6000A3FB282000F0BCFB0A2000F0CCFB08E0CE
:106C7000D8208DF800006A4601214FF40B6002F025
:106C8000F5F804F0020018B1D9208DF8000002E0F8
:106C9000D8208DF800006A46012140F23D7002F0D4
:106CA000E5F804F0040018B1012000F069F802E0F2
:106CB000002000F065F804F0100018B10120FFF783
:106CC00007FF02E00020FFF703FF44F0080015492A
:106CD000488101F0BDFC00201249887304F0400097
:106CE00018B10846807B801D887304F4C07020B101
:106CF0000C48807B801D0B49887304F0140020B180
:106D00000848807B10300749887304F0030020B1E5
:106D10000448807B001D0349887300203EBD0000AD
:106D200009E3CA02A00600203EB504466CB10EA1DC
:106D3000D1E900208968CDE9002002916A46092145
:106D40004FF4976002F092F83EBD0AA2D2E900101B
:106D50009268CDE9010200916A4609214FF49760DB
:106D600002F084F8F0E70000B8AAB38DB4980D35AE
:106D70005D000000B8AAAAAAB088C3C5C700000079
:106D800038B5044664B1C0208DF80000C2208DF8EB
:106D90000100C4208DF80200C6208DF8030004E035
:106DA0008B2204216846F9F724FA6A46042140F64A
:106DB000982002F05BF801F04BFC38BD10B5C823F9
:106DC0004FF48062024940F6F63001F0D5FA10BD6A
:106DD000E8BA00082DE9F04F8DB007468846154601
:106DE0009946DDE9166B0024002030806B49887BD2
:106DF0005A4605A901F08CFB18B1601E0DB0BDE824
:106E0000F08F6648807A00F01400002867D09DF863
:106E1000140000069DF8151040EA01409DF8161078
:106E200040EA01209DF81710084328609DF81800DB
:106E300000069DF8191040EA01409DF81A1040EA3A
:106E400001209DF81B10084368609DF81C00000697
:106E50009DF81D1040EA01409DF81E1040EA0120F7
:106E60009DF81F100843A8609DF8200000069DF8BB
:106E7000211040EA01409DF8221040EA01209DF8CF
:106E800023100843E86004F11000C4B2286800141D
:106E90000190686800140290A86800140390E868E4
:106EA0000014049001984043029901FB01000399EA
:106EB00001FB0100049901FB010ABAF1706F02DBCA
:106EC000BAF1885F05DD01F0C3FB00203080401E71
:106ED00094E7B6F9000040F48070308000BF2F487E
:106EE000807A00F0400020B305A9601C085C095DB1
:106EF00040EA012000B2A8F8000005A9E01C095CE6
:106F000005AAA01C105C41EA002000B2A8F802000B
:106F100005A9601D095C201D105C41EA002000B23B
:106F2000A8F80400A01DC4B2B6F9000040F00800A3
:106F300030801A48408900F4C07008B305A9601C6D
:106F4000085C095D40EA012000B2388005A9E01C18
:106F5000095C05AAA01C105C41EA002000B2788000
:106F600005A9601D095C201D105C41EA002000B2EB
:106F7000B880A01DC4B2B6F9000040F070003080A7
:106F80000648807A00F0030018B105A90819FFF738
:106F90000BFD484602F00BF800202FE7A00600206A
:106FA00070B588B0064601A801F03AF8BDF80400B3
:106FB0000021C90341EA5045C4034448007A00F067
:106FC000030056F8200005904048007A00F00400C5
:106FD00010B10598404205903C48007AC0F3C100CA
:106FE00056F8200006903948007A00F0200010B1D1
:106FF0000698404206903548007AC0F3811056F852
:10700000200007903148008900F4807010B1079883
:10701000404207900598C117A0FB042301FB0431EF
:1070200000FB0510810041EA927005900698C11797
:10703000A0FB042301FB043100FB0510810041EAA1
:10704000927006900798C117A0FB042301FB04313E
:1070500000FB0510810041EA927007900598000E30
:107060008DF808000598000C8DF809000598000AB5
:107070008DF80A000598C0B28DF80B000698000E36
:107080008DF80C000698000C8DF80D000698000A8B
:107090008DF80E000698C0B28DF80F000798000E0C
:1070A0008DF810000798000C8DF811000798000A61
:1070B0008DF812000798C0B28DF8130002AA0C21B7
:1070C0004FF4257001F0D2FE08B070BDA00600207C
:1070D00030B585B0044616A207CA02AB07C3C82C58
:1070E00003DD4FF0FF3005B030BDC82090FBF4F059
:1070F000401E85B2280A8DF80000E8B28DF8010024
:107100006A46022140F2162001F0B0FE10B14FF0A5
:10711000FF30E8E702AA0C2140F6C12001F0A6FEEC
:1071200010B14FF0FF30DEE7044884810020DAE739
:10713000FEF2ABC4AAF1DFDFBBAFDFDFA0060020A9
:107140001FB504464848007A00F0030054F82000B8
:1071500001904548007A00F0040010B101984042C7
:1071600001904148007AC0F3C10054F82000029019
:107170003D48007A00F0200010B102984042029091
:107180003948007AC0F3811054F820000390364843
:10719000008900F4807010B1039840420390334995
:1071A000019880FB0101800F40EA810001902F4986
:1071B000029880FB0110820042EA917002902B49F4
:1071C000039880FB0110820042EA917003900198BD
:1071D000000E8DF800000198000C8DF80100019858
:1071E000000A8DF802000198C0B28DF803006A46CB
:1071F00004214FF4747001F039FE18B14FF0FF30E4
:1072000004B010BD0298000E8DF800000298000C2A
:107210008DF801000298000A8DF802000298C0B2B1
:107220008DF803006A4604214FF4757001F01EFECC
:1072300010B14FF0FF30E3E70398000E8DF8000027
:107240000398000C8DF801000398000A8DF80200E5
:107250000398C0B28DF803006A4604214FF476709B
:1072600001F004FECCE70000A006002009E3CA02FA
:1072700010B586B0044647A00068039046A0006899
:10728000029046A00068019045A00068009004F0BC
:10729000030003A9085C8DF8140003A8C4F3C1011E
:1072A000405C8DF8150003A8C4F38111405C8DF893
:1072B000160004F0030002A9085C8DF8100002A873
:1072C000C4F3C101405C8DF8110002A8C4F3811120
:1072D000405C8DF8120005AA032140F2264001F01F
:1072E000C5FD18B14FF0FF3006B010BD04AA032150
:1072F00040F22A4001F0BAFD10B14FF0FF30F3E741
:10730000019805900098049004F0040058B19DF88D
:10731000140040F001008DF814009DF8100040F0BA
:1073200001008DF8100004F0200058B19DF8150000
:1073300040F001008DF815009DF8110040F00100AB
:107340008DF8110004F4807058B19DF8160040F0DB
:1073500001008DF816009DF8120040F001008DF834
:10736000120005AA03214FF4886001F07FFD10B1DF
:107370004FF0FF30B8E704AA032140F2314001F09A
:1073800075FD10B14FF0FF30AEE7064804810020D4
:10739000AAE700004CCD6C000CC92C0036567600D4
:1073A00026466600A0060020F8B505460E464FF4B6
:1073B0007A7095FBF0F000FB06F4200E8DF80000CB
:1073C000200C8DF80100200A8DF80200E0B28DF843
:1073D00003006A4604214FF4AE7001F047FDF8BD8A
:1073E00038B50446052094FBF0F084B220128DF8E5
:1073F0000000E0B28DF801006A4602214FF4AD7042
:1074000001F034FD38BD38B50446052094FBF0F09A
:1074100084B220128DF80000E0B28DF801006A46B7
:1074200002214FF4AC7001F021FD38BD38B504469F
:107430000020009004F0010020B19DF8000040F011
:107440003000009004F0020020B19DF8000040F0F0
:107450000C00009004F0040020B19DF8000040F002
:10746000030000906A4601214FF4A47001F0FEFC75
:1074700038BD38B50446012C01DA012402E0042CA1
:1074800000DD0424601EC0B200906A46012140F273
:107490004F1001F0EBFC38BD2DE9FC4706460F46C6
:1074A00006F0070010B1B7F5C86F03DD4FF0FF30ED
:1074B000BDE8FC873846F9F727F981465949F8F7BE
:1074C00054FF8046684600F085FD9DF800000228C4
:1074D00006D0042816D0082826D0102848D135E038
:1074E0004FF08D414046F8F70EFF8146F9F748F915
:1074F00084B24D494046F8F706FF8146F9F740F956
:1075000085B238E04FF08C414046F8F7FCFE8146EA
:10751000F9F736F984B245494046F8F7F4FE81465A
:10752000F9F72EF985B226E04FF08B414046F8F787
:10753000EAFE8146F9F724F984B23D494046F8F75E
:10754000E2FE8146F9F71CF985B214E04FF08A415A
:107550004046F8F7D8FE8146F9F712F984B235496A
:107560004046F8F7D0FE8146F9F70AF985B202E005
:107570004FF0FF309CE700BF20128DF80400E0B20E
:107580008DF8050028128DF80600E8B28DF8070086
:1075900006F00100A0B101AA02214FF4EA7001F047
:1075A00065FC10B14FF0FF3082E70DF106020221B9
:1075B0004FF4927001F05AFC10B14FF0FF3077E7B2
:1075C00006F00200A0B101AA02214FF4EC7001F014
:1075D0004DFC10B14FF0FF306AE70DF106020221B9
:1075E0004FF4947001F042FC10B14FF0FF305FE7B0
:1075F00006F00400A0B101AA02214FF4EE7001F0E0
:1076000035FC10B14FF0FF3052E70DF106020221B8
:107610004FF4967001F02AFC10B14FF0FF3047E7AD
:10762000002045E700004843000040460000C045F8
:10763000000040450000C04438B50446052094FBD6
:10764000F0F085B228128DF80000E8B28DF8010044
:107650006A4602214FF4EF7001F008FC38BD38B5DE
:107660000446052094FBF0F085B228128DF8000046
:10767000E8B28DF801006A4602214FF4ED7001F086
:10768000F5FB38BD00BF054A128802F04002002A0F
:10769000F9D0C2B2014B1B1D1A807047003801405F
:1076A0007CB5054628494968087801AB04220D21BC
:1076B00000F00EFB08B107207CBD9DF80700C0F369
:1076C00001109DF8041001F0E00140EAE1008DF89E
:1076D00000009DF80700C0F381009DF8051001F03F
:1076E000E00140EAE1008DF801009DF8070000F09C
:1076F00003009DF8061001F0E00140EAE1008DF87A
:10770000020000241CE01DF8040018B9002045F810
:10771000240013E00D4845F8240006E055F8240045
:107720000B49F8F7F0FD45F824001DF80400401E51
:10773000C0B20DF804000028F0D100BF601CC4B234
:10774000032CE0DB0020B7E7D40100207B14AE3E21
:107750001D5A843F2DE9F04F87B005460C469146EF
:1077600001208DF8100000208DF81100FE4A1268EB
:10777000917CFD4A5268107804AB022200F0E3FAD3
:1077800020B14FF0FF3007B0BDE8F08FC820FFF701
:1077900063F900208DF81000F34A1268D17BF24A99
:1077A0005268107804AB012200F0CDFA10B14FF00E
:1077B000FF30E8E7EC4A12685179EB4A52681078DA
:1077C00004AB012200F0BFFA10B14FF0FF30DAE74E
:1077D000E54A1268917CE44A5268107804AB0122B1
:1077E00000F0B1FA10B14FF0FF30CCE7DE4A12687A
:1077F000D17DDD4A5268107804AB012200F0A3FA73
:1078000010B14FF0FF30BEE7D74A12681179D64A5F
:107810005268107804AB012200F095FA10B14FF0D5
:10782000FF30B0E70C208DF81000CF4A12681179B4
:10783000CD4A5268107804AB012200F084FA10B1EE
:107840004FF0FF309FE70F20FFF706F9C648806A28
:10785000407A8DF81000C44A12689178C24A526882
:10786000107804AB012200F06EFA10B14FF0FF3037
:1078700089E7BD48806A007A8DF81000BA4A12681C
:107880005178B94A5268107804AB012200F05BFAD3
:1078900010B14FF0FF3076E7B9F1000F07D0B248D2
:1078A000806A807A40F0E0008DF8100004E0AE4875
:1078B000806A807A8DF81000AB4A12689179AA4AE2
:1078C0005268107804AB012200F03DFA10B14FF07D
:1078D000FF3058E7B9F1000F07D0A348806AC07A9B
:1078E00040F0E0008DF8100003E0A048C07A8DF869
:1078F00010009D4A1268D1799B4A5268107804ABF7
:10790000012200F020FA10B14FF0FF303BE7B9F14F
:10791000000F02D0C820FFF79FF840208DF810001C
:10792000914A12681179904A5268107804AB01228A
:1079300000F009FA10B14FF0FF3024E778208DF8FD
:107940001000894A12685179874A5268107804AB4E
:10795000012200F0F8F910B14FF0FF3013E783492E
:107960008889FFF779F800208DF810007E4A1268A8
:1079700051797D4A5268107804AB012200F0E3F996
:1079800010B14FF0FF30FEE6774A1268917A764ADE
:107990005268107804AB022200F09AF910B14FF04F
:1079A000FF30F0E69DF811009DF8101040EA012B21
:1079B0000C209BFBF0F0C6B20020A8606860286035
:1079C000A06060602060824665E0674A1268D17AF4
:1079D000654A5268107804AB0C2200F079F910B1B6
:1079E0004FF0FF30CFE69DF811009DF8101040EAEF
:1079F000012000B2ADF808009DF813009DF81210A8
:107A000040EA012000B2ADF80A009DF815009DF88B
:107A1000141040EA012000B2ADF80C00BDF90810C6
:107A2000206808442060BDF90A106068084460605E
:107A3000BDF90C10A0680844A0609DF817009DF8DF
:107A4000161040EA012000B2ADF800009DF81900C0
:107A50009DF8181040EA012000B2ADF802009DF830
:107A60001B009DF81A1040EA012000B2ADF8040096
:107A7000BDF90010286808442860BDF90210686844
:107A800008446860BDF90410A8680844A8600AF1B9
:107A9000010000F0FF0AB24597DB3448D0F800C07F
:107AA0002868C117090441EA10410704624600230F
:107AB0003846F8F75BFB32460023CDE90201F8F7C0
:107AC00055FB28602948D0F800C06868C117090430
:107AD00041EA10410704624600233846F8F746FBA6
:107AE00032460023CDE90201F8F740FB68601F48E9
:107AF000D0F800C0A868C117090441EA1041070482
:107B0000624600233846F8F731FB32460023CDE9C0
:107B10000201F8F72BFBA8601448D0F804C02068D5
:107B2000C117090441EA10410704624600233846A0
:107B3000F8F71CFB32460023CDE90201F8F716FBEB
:107B400020600A48D0F804C06068C117090441EAFF
:107B500010410704624600233846F8F707FB324617
:107B60000023CDE9020103E0D4010020C0BA0008DF
:107B7000F8F7FCFA60601148D0F804C0A068C1179B
:107B8000090441EA10410704624600233846F8F729
:107B9000EDFA32460023CDE90201F8F7E7FAA060DA
:107BA000A068002804DDA068A0F58030A06003E094
:107BB000A06800F58030A0600020E4E5C0BA0008AD
:107BC0002DE9FC5F06460F4600253D4949680878C7
:107BD00001AB03220D2100F07BF810B10720BDE8B6
:107BE000FC9F9DF8040000F01F008DF804009DF834
:107BF000050000F01F008DF805009DF8060000F05C
:107C00001F008DF80600002456E056F8240057F8AF
:107C10002410A0EB010BBBF1000F01DB594601E082
:107C2000CBF100010846F8F766FD4FF08F41009058
:107C3000F8F79BFB814601A8005D68B321490868FD
:107C4000F8F762FD834659461F48F8F78EFB8046D9
:107C500004E01E494046F8F756FB804601A8005D47
:107C6000401EC0B201A908550028F2D1414648463D
:107C7000F8F77BFB83464FF07E51F8F73EFB8246D8
:107C80002AF0004B0F4881695846F8F7FDFD12D2E3
:107C90000120A04005430EE00A4801694846F8F774
:107CA000E9FD05D3074841694846F8F7EDFD02D2E2
:107CB0000120A0400543641C032CA6DB28468EE768
:107CC000D4010020C0BA000800B04C4554E3853F01
:107CD0002DE9F04106460F4614461D46FAF768FFA7
:107CE00010B90120BDE8F0817106080EFAF72EFFE9
:107CF000FAF7B6FF18B9FAF78FFF0120F2E7384616
:107D0000FAF724FFFAF7ACFFFAF752FF012101EB73
:107D10004601C8B2FAF71AFFFAF7A2FF0DE0012CEC
:107D200004D10020FAF7DAFE287003E00120FAF708
:107D3000D5FE28706D1C601EC4B2002CEFD1FAF77E
:107D40006BFF0020CEE72DE9F04105460E461746B1
:107D50009846FAF72DFF10B90120BDE8F0816906B9
:107D6000080EFAF7F3FEFAF77BFF18B9FAF754FF9B
:107D70000120F2E73046FAF7E9FEFAF771FF002436
:107D80000BE018F80400FAF7E1FEFAF769FF18B9FA
:107D9000FAF742FF0020E0E7641CBC42F1DBFAF78F
:107DA0003BFF0020D9E7000008B501210420FCF7C3
:107DB00079F84FF40060ADF8000010208DF8030052
:107DC00002208DF8020069460348FAF79DFA002068
:107DD0000249086008BD000000080140AC012142D2
:107DE00008B501210820FCF75DF80820ADF8000077
:107DF00010208DF8030002208DF802006946034828
:107E0000FAF782FA00200249086008BD000C014020
:107E10008C81214270B50546284600F00FF80446D3
:107E2000E81C00F00BF844EAC00084B2A81D00F082
:107E300005F844EA801084B2204670BD014691F9ED
:107E40000020002A01DD00201EE091F90020002A18
:107E500001DA042018E091F90120002A01DD012057
:107E600012E091F90120002A01DA05200CE091F9D5
:107E70000220002A01DD022006E091F90220002AFA
:107E800001DA062000E0072070470000FEF7C5FC7D
:107E9000FBF7C0FA01231A4619461CA0FBF77FFB2B
:107EA00000BF0120FBF782FA0028FAD000201C490D
:107EB000087001231A4619461AA0FBF770FB23E04D
:107EC0001C48007818B1FBF7DDFEFBF777FD1A4878
:107ED0001AA102681D48FDF723FC0123002202219C
:107EE0001A48FBF75CFB1A480068F8F77CFC04466C
:107EF00022460B4617A11548FDF712FC012300226C
:107F000003211248FBF74BFBDAE700007075742081
:107F1000646F776E206B65792073746172742100D1
:107F20002C000020737461727420636F6E74726F22
:107F30006C21000084010020D000002064697320BF
:107F40003D2025646D6D202020200000D8020020F7
:107F500004000020616E676C65203D20252E32668E
:107F60002020000070B50446002624F001041848C3
:107F700090F8240008B1002070BD1548807A10B92F
:107F80004FF0FF30F8E71248057C807A2040104916
:107F900008740846007CA04202D04FF0FF3600E093
:107FA000002614B90A48007D18B1012001F072F8CA
:107FB00002E0002001F06EF83CB100F049FB20B176
:107FC000034805744FF0FF30D6E73046D4E7000091
:107FD000D401002001461148407A30B1012807D071
:107FE000022808D003280CD108E0022008700BE01A
:107FF0000420087008E00820087005E010200870D0
:1080000002E04FF0FF30704700BF0448C07C18B159
:1080100008784006000E08700020F4E7D401002024
:1080200001461348407A30B1012808D002280AD00E
:10803000032810D10BE04FF4804008800EE041F699
:108040009C7008800AE04FF48050088006E04FF4EE
:108050000060088002E04FF0FF30704700BF044826
:10806000C07C10B10888401008800020F5E70000AF
:10807000D401002001460248007C087000207047AF
:10808000D401002001460F48007A30B1012807D002
:10809000022809D003280FD10AE0FA2008800EE058
:1080A0004FF4FA7008800AE04FF47A70088006E016
:1080B0004FF4FA60088002E00020088000BF00BF93
:1080C00000207047D401002001460E48007A30B1EC
:1080D000012807D0022808D003280CD108E00A485C
:1080E00008600BE00948086008E00948086005E0FE
:1080F0000848086002E04FF0FF30704700BF0020E2
:10810000FBE70000D401002000000343000083428D
:10811000333303423333834101461248C07A08287F
:1081200017D2DFE800F01704070A0D101318BC205F
:10813000088013E06220088010E02A2008800DE00B
:10814000142008800AE00A20088007E00520088043
:1081500004E000BF00BF0020088000BF00BF002077
:1081600070470000D40100200146064890F8240022
:1081700010B14FF0FF3070470248C08908800020DE
:10818000F9E70000D40100201CB580208DF8000024
:10819000654A1268917C644A526810786B460122E5
:1081A000FFF7D1FD10B14FF0FF301CBD6420FEF78A
:1081B00053FC00208DF800005B4A1268917C5A4AFB
:1081C000526810786B460122FFF7BDFD10B14FF0E9
:1081D000FF30EAE7544A1268917D534A526810789A
:1081E0006B460622FFF774FD10B14FF0FF30DCE75D
:1081F0009DF80500C007400F9DF8031001F0010134
:1082000040EA41009DF8011001F0010140EA01043B
:1082100094B1012C03D101214348C17431E0022CF7
:1082200003D100214048C1742BE021463FA0FDF757
:1082300067FA4FF0FF30B8E73B4A1268D1783A4A04
:10824000526810786B460122FFF742FD10B14FF0E3
:10825000FF30AAE79DF8000000F00F042CB93D485C
:10826000FDF74EFA4FF0FF309FE7042C06D13AA0FD
:10827000FDF746FA01212C48C17402E000212A488A
:10828000C174FF2128488172FF2027490872FF210D
:1082900025484172C1724FF6FF71C181FF210174FF
:1082A00081740121017380F82210002180F82310CD
:1082B000417501751630016041608160163880F8A3
:1082C000241080F82510C1844FF4FA6000F05CFCA3
:1082D00010B14FF0FF3068E7022000F025FB10B12D
:1082E0004FF0FF3061E72A2000F0C8FC10B14FF0DA
:1082F000FF305AE7322000F003FD10B14FF0FF309D
:1083000053E70020FFF72EFE10B14FF0FF304CE78F
:10831000002000F04BFB10B14FF0FF3045E700208C
:1083200000F03CFD002040E7D4010020556E73753D
:1083300070706F7274656420736F667477617265B4
:108340002070726F64756374207265762025642EC8
:108350000A000000C8C8000848616C662073656E9A
:108360007369746976697479207061727420666FBC
:10837000756E642E0D0A00002DE9F04385B00546A8
:108380000E4690469946294890F8250020B14FF0B6
:10839000FF3005B0BDE8F08316B94FF0FF30F8E7C5
:1083A000002423E0281B102801DD102000E0281BFA
:1083B00087B232193946204600F058FD10B14FF00F
:1083C000FF30E6E701AA3946204600F001F910B176
:1083D0004FF0FF30DDE730193A4601A9F7F72EFFDD
:1083E00010B16FF00100D4E7E01984B2AC42D9DBE0
:1083F0004FEA28208DF8000008F0FF008DF80100FA
:108400000A4A1268917E094A526810786B46022225
:10841000FFF799FC10B14FF0FF30BAE70121034894
:1084200080F82510A0F826900020B2E7D4010020A3
:1084300038B50446282C02DD4FF0FF3038BDDCB9DA
:10844000002000F0E5FB00208DF8000007208DF8EB
:1084500001002E4A1268917C2C4A526810786B46B3
:108460000222FFF770FC10B14FF0FF30E6E7002169
:10847000264801750020E1E7012000F0C9FB20201B
:108480008DF80000012C06D100208DF80100052098
:1084900000F0F4FB17E0052C06DC01208DF801004C
:1084A000052000F0EBFB0EE0142C06DC02208DF81A
:1084B00001000A2000F0E2FB05E003208DF8010036
:1084C000142000F0DBFB9DF80100072101EB801078
:1084D000C0B28DF801000D4A1268917C0B4A5268B7
:1084E00010786B460222FFF72EFC10B14FF0FF30E0
:1084F000A4E708210548817200210173012101755B
:108500000020FFF72FFD002098E70000D401002095
:10851000F8B504460F4616462C4890F8240010B9CA
:108520004FF0FF30F8BD2948807A10B94FF0FF3086
:10853000F8E7264A1268917A244A526810786B4606
:108540000222FFF7C5FB10B14FF0FF30EAE79DF8BC
:1085500001009DF8001040EA0125A54203DA002041
:108560003070401EDEE7194840684088B5EB600F68
:1085700017DD164A1268517C144A526810786B460F
:108580000122FFF7A5FB10B14FF0FF30CAE79DF8BD
:10859000000000F0100020B100F05AF86FF0010068
:1085A000C0E7E2B2094B1B68D97A084B5B681878C0
:1085B0003B46FFF78DFB10B14FF0FF30B2E795FB64
:1085C000F4F0401E30700020ACE70000D401002021
:1085D000F8B504460D46164616B94FF0FF30F8BD03
:1085E0001A48807A10B94FF0FF30F8E720128DF862
:1085F0000000E0B28DF801009DF801002844134905
:1086000049684989884202DD4FF0FF30E7E70F4AA9
:108610001268117E0D4A526810786B460222FFF7ED
:1086200092FB10B14FF0FF30D9E7EAB2074B1B685D
:10863000597D064B5B6818783346FFF749FB10B14C
:108640004FF0FF30CBE70020C9E70000D401002045
:1086500008B56D48807A10B94FF0FF3008BD002092
:108660000090694A1268D17B674A526810786B465D
:108670000122FFF768FB10B14FF0FF30EEE7624ACE
:1086800012685179604A526810786B460122FFF7F0
:108690005AFB10B14FF0FF30E0E75B4A12681179E6
:1086A000594A526810786B460122FFF74CFB10B113
:1086B0004FF0FF30D2E7544890F82400002850D003
:1086C0000C200090504A126811794F4A5268107875
:1086D0006B460122FFF737FB10B14FF0FF30BDE7CB
:1086E000C02000904848807A00F0010020B19DF839
:1086F000000040F020000090434A12681179424A7D
:10870000526810786B460122FFF71DFB10B14FF045
:10871000FF30A3E73C48407C10B10220009001E00C
:1087200000200090384A1268D17B374A526810788E
:108730006B460122FFF707FB10B14FF0FF308DE7CA
:1087400000200090304A126851792F4A5268107800
:108750006B460122FFF7F7FA002852D04FF0FF30A6
:108760007CE704200090284A12681179264A526852
:1087700010786B460122FFF7E6FA10B14FF0FF3098
:108780006CE72148807C20B91F48807A00F0010006
:1087900010B94020009001E0602000901A4A126851
:1087A0001179194A526810786B460122FFF7CBFA0B
:1087B00010B14FF0FF3051E71348407C10B1012059
:1087C000009001E0002000900F4A1268D17B0E4A11
:1087D000526810786B460122FFF7B5FA10B14FF0DE
:1087E000FF303BE7084A12685179074A526810780F
:1087F000054B10330122FFF7A6FA10B14FF0FF30FE
:108800002CE700202AE70000D40100202DE9F04FDA
:108810008DB083460F4602200C90424890F8240009
:1088200020B1002000F068F9012600E0002603A82E
:10883000FFF728FC05A8FFF7CDFB01A8FFF76CFCAC
:1088400002A8FFF791FC374890F80AA004A8FFF7A8
:1088500011FC002407E0002239465846FEF77AFF53
:1088600000B902E0641C022CF5DB00BF022C01D130
:10887000002528E0002407E0012206A909A8FEF748
:1088800069FF00B902E0641C022CF5DB00BF022C7A
:1088900001D1002517E006A93846FDF73FFC00F09E
:1088A000FF0809A95846FFF78BF900F0FF090025DA
:1088B000B9F1000F01D145F00105B8F1000F01D168
:1088C00045F0020500BFFF2016490872FF21154838
:1088D0004172C1724FF6FF71C181FF218172017433
:1088E00001210173BDF80C0000F04EF99DF8140051
:1088F00000F01AF8BDF8040000F0C0F9BDF8080057
:1089000000F0FEF9504600F049FA9DF81000FFF71C
:1089100029FB16B1012000F0EFF828460DB0BDE8A4
:10892000F08F0000D401002038B504461E48807A3C
:1089300010B94FF0FF3038BD022C06D0042C07D000
:10894000082C08D0102C0CD108E0002000900BE07F
:108950000820009008E01020009005E0182000900A
:1089600002E04FF0FF30E6E700BF0F48407A9DF885
:108970000010B0EBE10F01D10020DCE70A4A1268D9
:10898000D179094A526810786B460122FFF7DBF96A
:1089900010B14FF0FF30CEE79DF80000C110024843
:1089A00041720020C7E70000D401002038B504461A
:1089B0005048807CA04201D1002038BD002C46D018
:1089C0004C4A126811794B4A526810786B46012262
:1089D000FFF77EF910B14FF0FF30EEE79DF8000091
:1089E00020F020000090434A12681179414A5268F1
:1089F00010786B460122FFF7A6F910B14FF0FF3057
:108A0000DBE70320FEF728F802200090394890F8B1
:108A1000220020B19DF8000040F080000090354811
:108A200090F8230020B19DF8000040F03000009045
:108A3000304A1268117D2F4A526810786B46012225
:108A4000FFF781F9002851D04FF0FF30B5E7294AF0
:108A500012681179274A526810786B460122FFF795
:108A600037F910B14FF0FF30A7E72248807A00F0C5
:108A7000010028B19DF8000040F02000009004E0C3
:108A80009DF8000020F0200000901A4A1268117929
:108A9000184A526810786B460122FFF754F910B15A
:108AA0004FF0FF3089E70320FDF7D6FF114890F81B
:108AB000220010B18020009001E0002000900D48BD
:108AC00090F8230020B19DF8000040F030000090A5
:108AD000084A1268117D074A526810786B460122D5
:108AE000FFF731F910B14FF0FF3066E701488474A9
:108AF000002062E7D401002038B50446214890F8F0
:108B00002400A04201D1002038BD24B31D4890F8B4
:108B1000250010B94FF0FF30F6E7002000F0BAFA58
:108B20000020FFF743FF1749C88C00F0E9F8002048
:108B300000901449496808786B4601222321FFF709
:108B400002F901210F4880F82410012000F0A2FA58
:108B5000FFF77EFD13E0002000F09CFA0948007C3E
:108B600000900849496808786B4601222321FFF7E5
:108B7000EAF80021034880F82410FFF769FD00207F
:108B8000C2E70000D401002038B504461F48807AAF
:108B900010B94FF0FF3038BDFA2C09D0B4F5FA7F88
:108BA00009D0B4F57A7F09D0B4F5FA6F0CD108E09A
:108BB000002000900BE00820009008E010200090BA
:108BC00005E01820009002E04FF0FF30E3E700BF1F
:108BD0000E48007A9DF80010B0EBE10F01D10020A3
:108BE000D9E70A4A12689179084A526810786B46A8
:108BF0000122FFF7A8F810B14FF0FF30CBE79DF846
:108C00000000C010014908720020C4E7D401002010
:108C100038B50446184890F82300A04201D100203E
:108C200038BD14B13020009001E0002000901248BF
:108C3000807C20B19DF8000040F0020000900E48BA
:108C400090F8220020B19DF8000040F080000090D4
:108C5000094A1268117D084A526810786B46012251
:108C6000FFF771F810B14FF0FF30D9E7024880F8F4
:108C700023400020D4E70000D401002038B504468A
:108C80001E48807A10B94FF0FF3038BDBC2C02DB93
:108C90000120009015E0622C02DB0220009010E021
:108CA0002A2C02DB032000900BE0142C02DB0420B2
:108CB000009006E00A2C02DB0520009001E006206F
:108CC00000900E48C07A9DF80010884201D1002023
:108CD000DBE70A4A12689178084A526810786B46B6
:108CE0000122FFF730F810B14FF0FF30CDE79DF8CB
:108CF00000100248C1720020C7E70000D401002024
:108D000038B504462448807A10B94FF0FF3038BD9A
:108D1000214890F8240010B14FF0FF30F7E71E48CB
:108D2000007D50B134B1282C04DCE0B2FFF780FBA9
:108D30000020ECE70020FFF77BFB042C01DA042481
:108D400004E0B4F57A7F01DD4FF47A744FF47A7061
:108D500090FBF4F0401EC0B200900F4A12685178A8
:108D60000D4A526810786B460122FEF7ECFF10B1F5
:108D70004FF0FF30CBE79DF80000401C4FF47A71B4
:108D800091FBF0F081B20448C1810146C9894810C5
:108D9000FFF774FF0020BAE7D401002038B504467D
:108DA00004F0700010B10120009005E014B1002023
:108DB000009001E0402000902B4A1268917C2A4AE2
:108DC000526810786B460122FEF7BDFF20B10021EA
:108DD00025488172481E38BD9DF8000020F04001F2
:108DE000214801730020009004F0400020B99DF854
:108DF000000040F00400009004F0200020B99DF82D
:108E0000000040F00200009004F0100020B99DF82E
:108E1000000040F00100009004F0080020B99DF827
:108E2000000040F0380000900F4A1268D17C0E4AD2
:108E3000526810786B460122FEF785FF20B10021B1
:108E400009488172481EC6E724B1082C02D00020D0
:108E5000FFF7DEFE04488472002101753220FDF721
:108E6000FBFD0020B7E70000D4010020F8B5044660
:108E70000D46164616B94FF0FF30F8BD1A48807AF5
:108E800010B94FF0FF30F8E720128DF80000E0B283
:108E90008DF801009DF8010028441349496849896B
:108EA000884202DD4FF0FF30E7E70F4A1268117E7B
:108EB0000D4A526810786B460222FEF744FF10B14B
:108EC0004FF0FF30D9E7EAB2074B1B68597D064BDC
:108ED0005B6818783346FEF736FF10B14FF0FF306D
:108EE000CBE70020C9E70000D40100202DE9FF4FA7
:108EF00083B083460E461F46DDF8489002960197E0
:108F0000BA460598864238D1002433E000252EE089
:108F100000210AFB04F009EB800040F82510884688
:108F200022E0019A02FB08F2119B03EB820252F845
:108F30002510029A6243109B03EB820252F828002C
:108F4000F7F7E1F900900AFB04F009EB800050F814
:108F500025100098F7F77FF90AFB04F109EB81016E
:108F600041F8250008F10108B045DADB6D1CBD426F
:108F7000CEDB641C5C45C9DB02E003A0FCF7C0FB50
:108F800007B0BDE8F08F0000B4EDCEF3A3BABED8B1
:108F9000D5F3B5C4B3DFB4E7B2BBB6D4A3A1000028
:108FA0000146002901DA484200E008467047704750
:108FB00070B50F480068F7F716FC04464FF03332DF
:108FC0000C4BF7F723FC06D201200B490870002058
:108FD0000A4908700BE00948007840B900200649AA
:108FE000087001200549087000200549086070BD1F
:108FF0003401002033332340CA000020CB0000207E
:10900000AC01214270B588B002A905A8FFF7FEFBAC
:109010000446072C3CD101A8FFF756F80598F7F74E
:109020006AFB06460199F7F76EF90546F7F78FFBDD
:1090300005900698F7F75FFB06460199F7F763F985
:109040000546F7F784FB06900798F7F754FB0646AA
:109050000199F7F758F90546F7F779FB079005A846
:10906000FEF76EF86846FEF7DBFFBDF800100298C9
:1090700048430290BDF80010039848430390BDF8A0
:10908000001004984843049002A8FDF789FF00BF30
:1090900008B070BD38B50446214890F82400C0B12E
:1090A00014B10220009001E0002000901C4A1268D8
:1090B000D17B1B4A526810786B460122FEF743FEB3
:1090C00010B14FF0FF3038BD9DF8001014484174C6
:1090D00023E01348807A10B94FF0FF30F3E724B152
:1090E0000F48407C08B10020EDE714B1012000904A
:1090F00001E0002000900A4A1268D17B084A5268B9
:1091000010786B460122FEF71EFE10B14FF0FF30C3
:10911000D9E79DF80010024841740020D3E7000011
:10912000D40100202DE9F04106460F46F7F740FF35
:10913000041E0D4618BF0120284320F00040C0F156
:109140007F6000F1E040C00F0ED0301C18BF01203E
:10915000384320F00040C0F17F6000F1E040C00FD4
:1091600004BF0120FCF782FB20462946BDE8F081C0
:1091700037B504460D4602AB012229462046FAF7D0
:10918000D5FB3EBD2DE9F04106460F4614461D466F
:10919000EAB2234639463046FAF7C8FBBDE8F0810B
:1091A00010B586B00446012144F20400FAF77AFEB5
:1091B0004FF40070ADF8140003208DF8160018204D
:1091C0008DF8170005A91C48F9F79EF84FF4806048
:1091D000ADF8140004208DF8170005A91648F9F71A
:1091E00093F801940020ADF80800ADF80A00ADF83E
:1091F0000C00ADF810000C20ADF80E0001A90F48CE
:10920000FCF706FA002240F225510C48FCF7DAF987
:1092100001210A48FCF793F925208DF80000002071
:109220008DF8010001208DF802008DF803006846DA
:10923000FAF778F906B010BD000801400038014087
:1092400008B501210420FAF72DFE0220ADF8000038
:1092500028208DF8030003208DF802006946084895
:10926000F9F752F80120ADF8000010208DF8030046
:1092700003208DF8020069460148F9F745F808BD5A
:109280000008014000000000000000000000000095
:10929000000000000000000000100010001000108E
:1092A000001000100000001000000000002800283E
:1092B0000028000000000000000000000000000086
:1092C00000240024007C00240048007C0048004862
:1092D0000000000000380054005000380014005412
:1092E00000540038001000000020005400580030E6
:1092F000002800540014000800000000001000289E
:10930000002800100034004800480034000000002D
:10931000001000100010000000000000000000001D
:1093200000000000000800100020002000200020A5
:109330000020002000100008002000100008000895
:109340000008000800080008001000200010003885
:1093500000100028000000000000000000000000D5
:109360000000000000100010007C00100010000041
:1093700000000000000000000000000000000000ED
:1093800000000010001000100000000000000000AD
:109390000000003800000000000000000000000095
:1093A00000000000000000000000001000000000AD
:1093B000000800080010001000100010002000201D
:1093C0000000000000380044004400540044004401
:1093D0000044003800000000001000300050001071
:1093E00000100010001000100000000000380044C1
:1093F00000440004000800100020007C0000000071
:109400000038004400040018000400040044003840
:109410000000000000080018002800280048007C18
:109420000008000800000000007C004000400078B8
:10943000000400040044003800000000003800442C
:109440000040007800440044004400380000000060
:10945000007C000400080010001000200020002004
:10946000000000000038004400440038004400447C
:10947000004400380000000000380044004400446C
:10948000003C000400440038000000000000000020
:1094900000100000000000000000001000000000AC
:1094A000000000000000001000000000000000109C
:1094B0000010001000000000000C003000400030E0
:1094C000000C000000000000000000000000007C14
:1094D0000000007C00000000000000000000000010
:1094E0000060001800040018006000000000000088
:1094F00000380044000400080010001000000010B4
:109500000000000000380044004C0054005C0040A3
:10951000004000380000000000100028002800284B
:109520000028007C00440044000000000078004453
:10953000004400780044004400440078000000002B
:109540000038004400400040004000400044003823
:109550000000000000700048004400440044004443
:109560000048007000000000007C00400040007CCB
:10957000004000400040007C00000000007C0040F3
:109580000040007800400040004000400000000023
:109590000038004400400040005C004400440038B3
:1095A00000000000004400440044007C00440044EB
:1095B00000440044000000000038001000100010BB
:1095C000001000100010003800000000000400042B
:1095D00000040004000400040044003800000000FF
:1095E000004400480050006000500048004800441B
:1095F00000000000004000400040004000400040EB
:109600000040007C000000000044006C006C00542E
:109610000044004400440044000000000044006492
:10962000006400540054004C004C00440000000052
:109630000038004400440044004400440044003822
:10964000000000000078004400440044007800401E
:109650000040004000000000003800440044004486
:109660000044004400540038000400000078004426
:109670000044004400780048004800440000000016
:109680000038004400400030000800040044003866
:1096900000000000007C00100010001000100010FE
:1096A000001000100000000000440044004400448A
:1096B000004400440044003800000000004400441E
:1096C00000440028002800280010001000000000BE
:1096D00000440044005400540054006C002800284A
:1096E000000000000044002800280010001000289E
:1096F0000028004400000000004400440028002826
:10970000001000100010001000000000007C000499
:1097100000080010001000200040007C0000000045
:1097200000180010001000100010001000100010B1
:109730000010001800200020001000100010001081
:1097400000080008000000000030001000100010A9
:109750000010001000100010001000300010002851
:10976000002800440000000000000000000000008D
:1097700000000000000000000000000000000000E9
:1097800000FE0000002000100000000000000000AB
:10979000000000000000000000000000003800444D
:1097A000003C0044004C0034000000000040004039
:1097B00000580064004400440064005800000000A9
:1097C0000000000000380044004000400044003821
:1097D00000000000000400040034004C0044004479
:1097E000004C00340000000000000000003800447D
:1097F000007C00400044003800000000000C001015
:10980000007C00100010001000100010000000008C
:10981000000000000034004C00440044004C0034C0
:1098200000040078004000400058006400440044F8
:109830000044004400000000001000000070001010
:1098400000100010001000100000000000100000C8
:10985000007000100010001000100010001000E058
:1098600000400040004800500060005000480044A4
:109870000000000000700010001000100010001028
:1098800000100010000000000000000000780054EC
:109890000054005400540054000000000000000078
:1098A00000580064004400440044004400000000EC
:1098B0000000000000380044004400440044003828
:1098C0000000000000000000005800640044004454
:1098D0000064005800400040000000000034004CCC
:1098E00000440044004C0034000400040000000068
:1098F00000580064004000400040004000000000AC
:109900000000000000380044003000080044003827
:10991000000000000020002000780020002000202F
:109920000020001800000000000000000044004477
:1099300000440044004C003400000000000000001F
:109940000044004400280028002800100000000007
:1099500000000000005400540054006C002800284F
:10996000000000000000000000440028001000106B
:1099700000280044000000000000000000440044F3
:1099800000280028001000100010006000000000F7
:10999000007C0008001000200040007C0000000057
:1099A000001800100010001000200020001000100F
:1099B000001000180010001000100010001000101F
:1099C00000100010001000100030001000100010F7
:1099D0000008000800100010001000300000000017
:1099E00000000074004C00000000000000000000B7
:1099F0000000000000000000000000000000000067
:109A00000000000000000000000000000000000056
:109A1000000000000000000C000C000C000C000C0A
:109A2000000C000C000C000C000C000C0000000CE2
:109A3000000C0000000000000000001B001B001BC9
:109A4000001B001B000000000000000000000000E0
:109A5000000000000000000000000000000080196D
:109A6000801980198019C07FC07F80190033C07FA2
:109A7000C07F0033003300330033000000000000DB
:109A80000000001E003F807580650074003C001ED1
:109A900000078005806580658075003F001E00041A
:109AA000000400000000007000D840D8C0D880D961
:109AB00000730006000C801BC036C066C046C0069E
:109AC00080030000000000000000001E003F003383
:109AD00000330033001E000CC03CC0668063806110
:109AE0008063C03E801C0000000000000000000CED
:109AF000000C000C000C000C000000000000000036
:109B00000000000000000000000000000000000055
:109B1000800000010003000600060004000C000C99
:109B2000000C000C000C000C0004000600060003F2
:109B300000018000002000100018000C000C000440
:109B40000006000600060006000600060004000CE1
:109B5000000C0018001000200000000C002D003F39
:109B6000001E0033000000000000000000000000A4
:109B700000000000000000000000000000000000E5
:109B80000000000C000C000C000CC0FFC0FF000C1B
:109B9000000C000C000C00000000000000000000A1
:109BA00000000000000000000000000000000000B5
:109BB00000000000000000000000000C000C000489
:109BC0000004000800000000000000000000000089
:109BD000000000000000001E001E00000000000049
:109BE0000000000000000000000000000000000075
:109BF0000000000000000000000000000000000065
:109C00000000000C000C0000000000000000000339
:109C1000000300030006000600060006000C000C0E
:109C2000000C000C001800180018000000000000D4
:109C30000000001E003F0033806180618061806D04
:109C4000806D8061806180610033003F001E0000F4
:109C50000000000000000006000E001E0036002676
:109C600000060006000600060006000600060006C4
:109C700000060000000000000000001E003F80738E
:109C800080618061800100030006000C0018003034
:109C90000060807F807F0000000000000000001C4A
:109CA000003E006300630003000E000E000380010D
:109CB000800180618073003F001E000000000000F2
:109CC00000000006000E000E001E001E00160036EA
:109CD00000360066807F807F0006000600060000D8
:109CE000000000000000007F007F00600060006056
:109CF000006E007F80638001800180618073003F7F
:109D0000001E0000000000000000001E003F803325
:109D100080610060006E007F80738061806180617F
:109D20008033003F001E0000000000000000807F24
:109D3000807F80010003000300060006000C000C79
:109D4000000C0008001800180018000000000000B7
:109D50000000001E003F8063806180610021001EC2
:109D6000003F8061806180618061003F001E0000D3
:109D7000000000000000001E003F00738061806151
:109D800080618073803F801D800180610073003F8F
:109D9000001E0000000000000000000000000000A5
:109DA0000000000C000C000000000000000000009B
:109DB0000000000C000C000000000000000000008B
:109DC0000000000000000000000C000C000000007B
:109DD000000000000000000C000C0004000400085B
:109DE000000000000000000080008003000E00382A
:109DF00000600038000E80038000000000000000BA
:109E00000000000000000000000000000000807F53
:109E1000807F00000000807F807F00000000000045
:109E20000000000000000000000000000000000032
:109E300000400070001C000780010007001C00703B
:109E40000040000000000000000000000000001FB3
:109E5000803FC071C060C000C00180030007000ED9
:109E6000000C000C0000000C000C000000000000C2
:109E70000000001E003F803180718063806F806D24
:109E8000806D806F806700600032003E001C000023
:109E9000000000000000000E000E001B001B001B55
:109EA000001B80318031803F803F8031C060C060C6
:109EB000C0600000000000000000007C007E006325
:109EC000006300630063007E007E00638061806148
:109ED0008063007F007E0000000000000000001E84
:109EE000003F8031806100600060006000600060C1
:109EF000006080618031003F001E00000000000013
:109F00000000007C007F006380638061806180616D
:109F100080618061806100630063007E007C0000DE
:109F2000000000000000807F807F00600060006013
:109F30000060007F007F0060006000600060807F44
:109F4000807F0000000000000000807F807F0060B4
:109F5000006000600060007F007F006000600060C3
:109F60000060006000600000000000000000001EB3
:109F7000003F80318061006000600060806380632A
:109F8000806180618031803F001E00000000000081
:109F90000000806180618061806180618061807F7C
:109FA000807F80618061806180618061806100006C
:109FB000000000000000003F003F000C000C000CFF
:109FC000000C000C000C000C000C000C000C003FFE
:109FD000003F0000000000000000800180018001BF
:109FE00080018001800180018001800180618061A9
:109FF0008073003F001E0000000000000000C060F1
:10A000008061006300660066006C0078007C00667A
:10A010000066006380618061C06000000000000095
:10A020000000006000600060006000600060006090
:10A0300000600060006000600060807F807F000042
:10A04000000000000000C071C071C07BC07AC06A0F
:10A05000C06AC06EC064C060C060C060C060C060E4
:10A06000C0600000000000000000807180718079F5
:10A0700080798079806D806D806D80658067806774
:10A080008067806380630000000000000000001E05
:10A09000003F003380618061806180618061806108
:10A0A000806180610033003F001E0000000000005E
:10A0B0000000007E007F806380618061806180633A
:10A0C000007F007E006000600060006000600000B3
:10A0D000000000000000001E003F0033806180612E
:10A0E0008061806180618061806580670033803F2E
:10A0F000401E0000000000000000007E007F806322
:10A10000806180618063007F007E00660063006381
:10A1100080618061C0600000000000000000000E4F
:10A12000001F8031803100300038001E000780039E
:10A13000806180618031003F001E0000000000004F
:10A140000000C0FFC0FF000C000C000C000C000C55
:10A15000000C000C000C000C000C000C000C0000AB
:10A16000000000000000806180618061806180618A
:10A170008061806180618061806180618073003F67
:10A18000001E0000000000000000C060C060C06051
:10A19000803180318031001B001B001B001B000E32
:10A1A000000E000E00040000000000000000C0C00F
:10A1B000C0C0C0C0C0C0C0C0C0CC804C804C805E9D
:10A1C0008052805280738061806100000000000036
:10A1D0000000C0C0806080610033003B001E000CA6
:10A1E000000C001E001F003B80718061C0C0000099
:10A1F000000000000000C0C08061806100330033B7
:10A20000001E001E000C000C000C000C000C000CCA
:10A21000000C0000000000000000803F803F800133
:10A22000000300030006000C000C001800180030AA
:10A230000060807F807F000000000000000F000FA2
:10A24000000C000C000C000C000C000C000C000CAE
:10A25000000C000C000C000C000C000C000F000F98
:10A260000000001800180018000C000C000C000C76
:10A2700000060006000600060003000300030000BD
:10A2800000000000001E001E00060006000600067A
:10A29000000600060006000600060006000600068E
:10A2A00000060006001E001E0000000C000C001E30
:10A2B0000012003300338061806100000000000064
:10A2C000000000000000000000000000000000008E
:10A2D000000000000000000000000000000000007E
:10A2E000000000000000000000000000E0FF00008F
:10A2F000000000380018000C000000000000000002
:10A30000000000000000000000000000000000004D
:10A310000000000000000000000000000000001F1E
:10A32000803F80618001801F803F80618063807FEB
:10A33000C038000000000000000000600060006005
:10A340000060006E007F8073806180618061806149
:10A350008073007F006E000000000000000000001D
:10A36000000000000000001E003F8073806100605C
:10A37000006080618073003F001E0000000000004C
:10A3800000008001800180018001801D803F80737A
:10A3900080618061806180618073803F801D0000EA
:10A3A0000000000000000000000000000000001E8F
:10A3B000003F00738061807F807F00608071003F7C
:10A3C000001E0000000000000000C007C00F000CCD
:10A3D000000C807F807F000C000C000C000C000C37
:10A3E000000C000C000C0000000000000000000049
:10A3F00000000000801D803F80738061806180616B
:10A4000080618073803F801D80018063007F003EFB
:10A4100000000060006000600060006F807F80715D
:10A420008061806180618061806180618061000005
:10A430000000000000000006000600000000003ED2
:10A44000003E0006000600060006000600060006A4
:10A4500000060000000000000006000600000000EA
:10A46000003E003E0006000600060006000600064C
:10A470000006000600060046007E003C000000606A
:10A48000006000600060806100630066006C007C1A
:10A490000076006300638061C0600000000000007F
:10A4A0000000003E003E0006000600060006000612
:10A4B0000006000600060006000600060006000072
:10A4C000000000000000000000000000000080DD2F
:10A4D000C0FFC0CEC0CCC0CCC0CCC0CCC0CCC0CCE7
:10A4E000C0CC0000000000000000000000000000E0
:10A4F0000000006F807F8071806180618061806179
:10A5000080618061806100000000000000000000A8
:10A51000000000000000001E003F80738061806129
:10A52000806180618073003F001E00000000000019
:10A530000000000000000000006E007F807380615A
:10A540008061806180618073007F006E00600060C8
:10A55000006000600000000000000000801D803FDF
:10A56000807380618061806180618073803F801D25
:10A5700080018001800180010000000000000000D7
:10A5800000000067803F00390030003000300030AC
:10A59000003000300030000000000000000000002B
:10A5A000000000000000001E803F80610060007F0E
:10A5B000803F80018061007F001E000000000000DD
:10A5C00000000000000800180018007F007F00183D
:10A5D00000180018001800180018801F800F0000D5
:10A5E000000000000000000000000000000080618A
:10A5F0008061806180618061806180618063807F33
:10A60000803D00000000000000000000000000008D
:10A610000000C060803180318031001B001B001BB6
:10A62000000E000E00060000000000000000000008
:10A6300000000000000080DD80DD80DD0055005559
:10A640000055007700770022002200000000000083
:10A6500000000000000000000000806100330033B3
:10A66000001E000C000C001E00330033806100004F
:10A670000000000000000000000000008061806118
:10A68000803100330033001B001B001B000E000E46
:10A69000000E001C007C00700000000000000000A4
:10A6A0000000C07FC07F800100030006000C00187E
:10A6B0000030C07FC07F00000000000080038007E2
:10A6C00000060006000600060006000E001C001C26
:10A6D000000E000600060006000600068007800344
:10A6E000000600060006000600060006000600063A
:10A6F000000600060006000600060006000600062A
:10A70000000600060038003C000C000C000C000C99
:10A71000000C000E00070007000E000C000C000CDF
:10A72000000C000C003C003800000000000000009D
:10A730000000000000008038807F0047000000001B
:10A740000000000000000000000000000000000009
:10A7500000000000000000000000000000000000F9
:10A7600000000000000000000000000000000000E9
:10A7700000000000000000000000000000000000D9
:10A78000E003E003E003E003E003E003E003E003B1
:10A79000C003C003C001C001C001C001C00100006E
:10A7A00000000000E003E003E00300000000000000
:10A7B000000000003C1E3C1E3C1E3C1E3C1E3C1E7D
:10A7C0003C1E00000000000000000000000000002F
:10A7D0000000000000000000000000000000000079
:10A7E0000000000000000000CE01CE03DE039E0347
:10A7F0009C039C07FF3FFF7F3807380F780F780FC7
:10A80000780EFFFFFFFFF01EF01CE01CE03CE03D77
:10A81000E03900000000000000000000FC03FE0F13
:10A82000EE1FE01EE01EE01EE01EE01FE00FE0074E
:10A83000F003FC01FE01FE01FE01FE01FE01FE012E
:10A84000FE3DFC3FF00FE001E001000000000000D1
:10A85000033E07F78FE78EE79EE3BCE3B8E7F8E730
:10A86000F0F7E03FC001FF03FF07F307F30FF31E0C
:10A87000F33CF338F3787FF03FE000000000000085
:10A8800000000000E007F80F780F781F781F781F8E
:10A89000780FF00FE00F801FC37FC3FBE7F3F7F1E2
:10A8A000F7F0FFF07FF03EF87F7CFF3FEF1F0000E6
:10A8B0000000000000000000E003E003E003E0030C
:10A8C000E003C003C0010000000000000000000021
:10A8D0000000000000000000000000000000000078
:10A8E0000000000000000000000000003F007C00AD
:10A8F000F001E001C003C00780078007800F000F50
:10A90000000F000F000F000F000F800F800780075F
:10A91000C007C003E001F0017C003F000F00000011
:10A92000007E001FC007C003E001F001F000F0004E
:10A93000F800780078007800780078007800F80057
:10A94000F000F000F001E001C003C007001F007E2E
:10A9500000780000E003C003C001CE39FF3F7F3F15
:10A9600020037003F807780F3C1F38060000000032
:10A9700000000000000000000000000000000000D7
:10A9800000000000000000000000000000000000C7
:10A9900000000000C001C001C001C001C001C00131
:10A9A000C001FFFFFFFFC001C001C001C001C00125
:10A9B000C0010000000000000000000000000000D6
:10A9C0000000000000000000000000000000000087
:10A9D0000000000000000000000000000000E00394
:10A9E000E003E003E003E001E001E001C0018003D7
:10A9F0000000000000000000000000000000000057
:10AA0000000000000000FE3FFE3F000000000000CC
:10AA10000000000000000000000000000000000036
:10AA20000000000000000000000000000000000026
:10AA30000000000000000000000000000000000016
:10AA4000000000000000E003E003E003E00300007A
:10AA500000000000000000000F000F001E001E009C
:10AA60003C003C0078007800F000F000E001E001DC
:10AA7000C003C00380078007000F000F001E001EE8
:10AA8000003C003C0078007800F00000F007F80F70
:10AA90007C1F3E3E1E3C1F7C1F7C0F780F780F787A
:10AAA0000F780F780F780F781F7C1F7C1E3C3E3E7E
:10AAB0007C1FF80FF00700000000000000000000FD
:10AAC000F000F007F03FF03FF001F001F001F0017D
:10AAD000F001F001F001F001F001F001F001F001EE
:10AAE000F001F001F001FF3FFF3F00000000000017
:10AAF00000000000E00FF83F7C3C3C003E003E00C0
:10AB00003E003C003C007C00F800F001E003C00780
:10AB10008007000F001E003E003CFE3FFE3F00008D
:10AB20000000000000000000F00FF81F7C1C3E0039
:10AB30003E003E003C003C00F800F00FF80F7C00A7
:10AB40003E001E001E001E001E003E007C1CF81F62
:10AB5000E01F000000000000000000007800F80086
:10AB6000F800F801F803F807F807780F781E781E48
:10AB7000783C78787878FFFFFFFF780078007800DD
:10AB8000780078007800000000000000000000005D
:10AB9000FC1FFC1FFC1F001E001E001E001E001ECE
:10ABA000E01FF81FFC007C003E003E001E003E003F
:10ABB0003E003C007C1CF81FE01F0000000000006D
:10ABC00000000000FC01FE078E0F001F001E003E6B
:10ABD000003C003CF83DFC3F3E7F1F7E0F3C0F3C9D
:10ABE0000F3C0F3C0F3E1F1E3E1FFC0FF0030000EA
:10ABF0000000000000000000FF3FFF3FFF3F0F008C
:10AC00001E001E003C0038007800F000F000E0015B
:10AC1000E001C003C0038007800F800F000F001FFA
:10AC2000001F00000000000000000000F807FC0FFB
:10AC30003E1F1E1E1E3E1E3E1E1E3C1FF80FF0072E
:10AC4000F80FFC1E3E3E1F3C1F7C0F7C0F7C1F3C00
:10AC50003E3FFC1FF0070000000000000000000065
:10AC6000F007F80F7C1E3E3C1E3C1F7C1F7C1F7CA7
:10AC70001F7C1F3C3F3EFF1FEF071F001E001E00F2
:10AC80003E003C00F838F03FE01F000000000000EC
:10AC900000000000000000000000000000000000B4
:10ACA000E003E003E003E003000000000000000018
:10ACB000000000000000E003E003E003E003000008
:10ACC0000000000000000000000000000000000084
:10ACD00000000000E003E003E003E00300000000E8
:10ACE00000000000000000000000E003E003E003BB
:10ACF000E003E001E001E001C00380030000000088
:10AD0000000000000000000003000F003F00FC00F6
:10AD1000F003C00F003F00FE003FC00FF003FC0037
:10AD20003F000F00030000000000000000000000D2
:10AD30000000000000000000000000000000000013
:10AD400000000000FFFFFFFF000000000000FFFF09
:10AD5000FFFF0000000000000000000000000000F5
:10AD600000000000000000000000000000000000E3
:10AD700000E000F8007E801FE007F8017E001F0061
:10AD80007E00F801E007801F007E00F800E0000070
:10AD90000000000000000000F01FFC3F3E381F389C
:10ADA0001F381E001E003C007800F000E001C003C8
:10ADB000C003C007C007000000000000C007C007B4
:10ADC000C00700000000000000000000F803FE0FB4
:10ADD0001E1F0F3E7F3CFF78EF79C773C7F38FF3D9
:10ADE0008FF38FF39FF39FF3FF73FF7BF779003CA3
:10ADF0001C1FFC0FF8030000000000000000000012
:10AE0000000000000000E003E003F007F007F00797
:10AE1000780F780F7C0E3C1E3C1E3E3CFE3FFF3FF1
:10AE20001F780F780FF007F007F000000000000017
:10AE300000000000000000000000F83FFC3F3E3C26
:10AE40001E3C1E3C1E3C3E3C7C3CF03FF83F7E3CA2
:10AE50001F3C1F3C0F3C0F3C1F3CFE3FF83F0000D7
:10AE60000000000000000000000000000000FF01E2
:10AE7000FF07871F003E003C007C007800780078C8
:10AE800000780078007C007C003E003F831FFF07B5
:10AE9000FF010000000000000000000000000000B2
:10AEA0000000F07FFC7F7E781F781F780F780F7886
:10AEB0000F780F780F780F780F780F781F781E783B
:10AEC0007E78F87FE07F00000000000000000000B6
:10AED000000000000000FF3FFF3F003E003E003E3C
:10AEE000003E003E003EFE3FFE3F003E003E003E74
:10AEF000003E003E003EFF3FFF3F0000000000001C
:10AF000000000000000000000000FF1FFF1F001EE7
:10AF1000001E001E001E001E001EFF1FFF1F001E41
:10AF2000001E001E001E001E001E001E001E00004F
:10AF30000000000000000000000000000000FE0310
:10AF4000FF0F871F003E007C007C007800F800F8AF
:10AF50007FF87FF80F780F7C0F7C0F3E8F1FFF0F5D
:10AF6000FE030000000000000000000000000000E0
:10AF700000001F7C1F7C1F7C1F7C1F7C1F7C1F7C94
:10AF80001F7CFF7FFF7F1F7C1F7C1F7C1F7C1F7C23
:10AF90001F7C1F7C1F7C00000000000000000000E0
:10AFA000000000000000FF3FFF3FE003E003E0037C
:10AFB000E003E003E003E003E003E003E003E00379
:10AFC000E003E003E003FF3FFF3F0000000000005C
:10AFD00000000000000000000000FC1FFC1F7C00BF
:10AFE0007C007C007C007C007C007C007C007C0081
:10AFF0007C007C0078007800F838F03FC03F00000B
:10B0000000000000000000000000000000001F3CE5
:10B010001E3C3C3C783CF03CE03DE03FC03F803F84
:10B02000C03FE03FF03DF03C783C7C3C3E3C1F3C68
:10B030000F3C0000000000000000000000000000C5
:10B040000000003E003E003E003E003E003E003E4E
:10B05000003E003E003E003E003E003E003E003E00
:10B06000003EFF3FFF3F0000000000000000000026
:10B070000000000000001FF81FFC1FFC3FFE3FFE09
:10B080003FFE7FFF77FF77FFF7F7E7F7E7F3E7F399
:10B09000C7F307F007F007F007F00000000000001A
:10B0A000000000000000000000000F7C0F7C0F7EFD
:10B0B0000F7F0F7F8F7F8F7FCF7FEF7BEF79FF79C0
:10B0C000FF78FF787F783F783F781F781F780000FF
:10B0D0000000000000000000000000000000F00779
:10B0E000FC1F3E3E1F7C0F780F780FF80FF80FF80B
:10B0F0000FF80FF80FF80F780F781F7C3E3EFC1FFB
:10B10000F007000000000000000000000000000048
:10B110000000FC3FFF3F1F3E0F3E0F3E0F3E0F3E25
:10B120001F3E3F3EFC3FF03F003E003E003E003EE3
:10B13000003E003E003E0000000000000000000055
:10B14000000000000000F007FC1F3E3E1F7C0F784F
:10B150000F780FF80FF80FF80FF80FF80FF80F78B7
:10B160000F781F7C3E3EFC1FF8077C003F000F005D
:10B1700003000000000000000000F03FFC3F7E3CA8
:10B180003E3C1E3C1E3C3E3C3C3CFC3CF03FE03F19
:10B19000F03DF83C7C3C3E3C1E3C1F3C0F3C00001C
:10B1A0000000000000000000000000000000FC079C
:10B1B000FE1F0E3E003C003C003C003EC01FF80F4E
:10B1C000FE037F001F000F000F001F203E3CFC3FCE
:10B1D000F01F000000000000000000000000000060
:10B1E0000000FFFFFFFFE003E003E003E003E003F4
:10B1F000E003E003E003E003E003E003E003E00337
:10B20000E003E003E0030000000000000000000095
:10B210000000000000000F7C0F7C0F7C0F7C0F7C77
:10B220000F7C0F7C0F7C0F7C0F7C0F7C0F7C0F7CC6
:10B230001E3C1E3C3E3EFC1FF007000000000000CC
:10B240000000000000000000000007F007F007F811
:10B250000F780F7C1E3C1E3C1E3E3C1E3C1F781F80
:10B26000780FF80FF007F007F007E003E0030000A5
:10B27000000000000000000000000000000003E0EB
:10B2800003F003F007F0E7F3E7F3E7F3E773F77B87
:10B29000F77FFF7F7F7F7F7F7E7F7E3F3E3E3E3E0C
:10B2A0003E3E000000000000000000000000000022
:10B2B000000007F80F7C1E3E3E3E3C1FF80FF007D3
:10B2C000E007E003E003F007F80F7C0F7C1E3E3C34
:10B2D0001F780F780FF00000000000000000000051
:10B2E00000000000000007F807780F7C1E3C1E3E9F
:10B2F0003C1F780FF80FF007E003E003E003E003E2
:10B30000E003E003E003E003E003000000000000CE
:10B3100000000000000000000000FF7FFF7F0F0022
:10B320001F003E007C00F800F000E001E003C007D1
:10B33000800F000F001E003E007CFF7FFF7F00009B
:10B340000000000000000000FF0780078007800762
:10B3500080078007800780078007800780078007B5
:10B3600080078007800780078007800780078007A5
:10B37000800780078007FF07FF070000007800783C
:10B38000003C003C001E001E000F000F80078007DD
:10B39000C003C003E001E001F000F0007800780095
:10B3A0003C003C001E001E000F000F0007000000C4
:10B3B000F07FF000F000F000F000F000F000F0008E
:10B3C000F000F000F000F000F000F000F000F000FD
:10B3D000F000F000F000F000F000F000F000F07F6E
:10B3E000F07F0000C000C001C001E003E003F007EF
:10B3F000F0077807780F380F3C1E3C1E1E3C1E3CA1
:10B400000F380F78077800000000000000000000EF
:10B41000000000000000000000000000000000002C
:10B42000000000000000000000000000000000001C
:10B43000000000000000000000000000000000000C
:10B440000000FFFFFFFF000000000000F000000010
:10B4500000000000000000000000000000000000EC
:10B4600000000000000000000000000000000000DC
:10B4700000000000000000000000000000000000CC
:10B48000000000000000000000000000F80FFC3F7A
:10B490007C3C3E003E003E00FE07FE1F3E3E3E7CE2
:10B4A0003E783E7C7E7CFF3FCF1F00000000000006
:10B4B00000000000003C003C003C003C003C003C24
:10B4C000F83DFE3F3E3F1F3E0F3C0F3C0F3C0F3C04
:10B4D0000F3C0F3C1F3C1E3C3E3FFC3FF03B00003E
:10B4E000000000000000000000000000000000005C
:10B4F00000000000FE03FF0F871F003E003E003CDF
:10B50000007C007C007C003C003E003E871FFF0F5B
:10B51000FE03000000000000000000001F001F00EC
:10B520001F001F001F001F00FF07FF1F3F3E1F3CA3
:10B530001F7C1F7C1F7C1F781F781F7C1F7C3F3C5B
:10B540007F3EFF1FDF0F0000000000000000000032
:10B55000000000000000000000000000F803FC0FE5
:10B560003E1F1E3E1F3C1F7CFF7FFF7F007C007C38
:10B57000003C003E071FFF0FFE030000000000001C
:10B5800000000000FF01E103C003C007C007C007BF
:10B59000FF7FFF7FC007C007C007C007C007C00705
:10B5A000C007C007C007C007C007C007C00700002A
:10B5B000000000000000000000000000000000008B
:10B5C00000000000EF07FF1F7F3E1F3C1F7C1F7C19
:10B5D0001F781F781F781F7C1F7C3F3C7F3EFF1F1A
:10B5E000DF0F1E001E001E007C38F83F003C003CB0
:10B5F000003C003C003C003CFC3DFE3F9E3F1F3FAA
:10B600001F3E1F3C1F3C1F3C1F3C1F3C1F3C1F3C60
:10B610001F3C1F3C1F3C0000000000000000000019
:10B62000F001F0010000000000000000E07FE07F7A
:10B63000E001E001E001E001E001E001E001E00102
:10B64000E001E001E001E001E00100000000000095
:10B6500000000000F800F8000000000000000000FA
:10B66000F83FF83FF800F800F800F800F800F8009C
:10B67000F800F800F800F800F800F800F800F8000A
:10B68000F800F000F071E07F003C003C003C003C22
:10B69000003C003C1F3C3E3C7C3CF83CF03DE03D27
:10B6A000C03FC03FE03FF03DF83C7C3C3E3C1F3C8F
:10B6B0001F3C00000000000000000000F07FF001CF
:10B6C000F001F001F001F001F001F001F001F001F2
:10B6D000F001F001F001F001F001F001F001F001E2
:10B6E000F001F001F0010000000000000000000087
:10B6F0000000000000000000000000009EF7FFFFB7
:10B70000FFFFFFFFE7FBE7F9C7F1C7F1C7F1C7F19B
:10B71000C7F1C7F1C7F1C7F1C7F100000000000091
:10B720000000000000000000000000000000000019
:10B73000FC3DFE3F9E3F1F3F1F3E1F3C1F3C1F3CEA
:10B740001F3C1F3C1F3C1F3C1F3C1F3C1F3C00007C
:10B7500000000000000000000000000000000000E9
:10B7600000000000F007FC1F3E3E1F3C1F7C0F78CE
:10B770000F780F780F780F781F7C1F3C3E3EFC1F20
:10B78000F0070000000000000000000000000000C2
:10B790000000000000000000F83DFE3F3E3F1F3E5D
:10B7A0000F3C0F3C0F3C0F3C0F3C0F3C1F3C1E3E20
:10B7B0003E3FFC3FF83F003C003C003C003C003C6E
:10B7C000000000000000000000000000EE07FE1F67
:10B7D0007E3E1E3C1E7C1E781E781E781E781E78CB
:10B7E0001E7C3E7C7E3EFE1FDE0F1E001E001E00E5
:10B7F0001E001E000000000000000000000000000D
:10B800007F1FFF1FE71FC71F871F001F001F001F8D
:10B81000001F001F001F001F001F001F001F00004F
:10B820000000000000000000000000000000000018
:10B8300000000000FC07FE1F0E1E003E003E003F01
:10B84000E01FFC07FE003E001E001E003E3CFC3FC9
:10B85000F01F0000000000000000000000000000D9
:10B860000000800780078007FF7FFF7F8007800739
:10B870008007800780078007800780078007800790
:10B88000C007FF03FF0100000000000000000000EF
:10B890000000000000000000000000001E3C1E3CF4
:10B8A0001E3C1E3C1E3C1E3C1E3C1E3C1E3C1E3CC8
:10B8B0003E3C7E3CFE3EFE1FDE0F0000000000000E
:10B8C0000000000000000000000000000000000078
:10B8D00007F00F780F781E3C1E3C1E3E3C1E3C1E9F
:10B8E000780F780FF00FF007F007E003E003000097
:10B8F0000000000000000000000000000000000048
:10B900000000000003F0E3F1E3F3E7F3F7F3F7F3EC
:10B91000F77F777F7F7F7F7F7F7F3E3E3E3E3E3E4D
:10B920003E3E00000000000000000000000000009B
:10B9300000000000000000000F7C1E3E3C3E3C1F4B
:10B94000F80FF007F007E003F007F807F80F7C1E88
:10B950003E3E1F3C1F780000000000000000000079
:10B9600000000000000000000000000007F80F7851
:10B970000F7C1E3C1E3C3C1E3C1E3C1F780FF80FEB
:10B98000F007F007E003E003C003C003C003800733
:10B99000800F007F00000000000000000000000099
:10B9A000FF3FFF3F1F003E007C00F800F001E00376
:10B9B000C007800F001F001E003CFF7FFF7F0000BC
:10B9C0000000000000000000FE01E003C003C0030F
:10B9D000C003C003E001E001E001C001C003803FFB
:10B9E000803FC003C001E001E001E001C003C003EB
:10B9F000C003C003E003FE017E000000C001C001DF
:10BA0000C001C001C001C001C001C001C001C0012E
:10BA1000C001C001C001C001C001C001C001C0011E
:10BA2000C001C001C001C001C001C001C0010000CF
:10BA3000C03FE003E001E001E001E001C001C0031C
:10BA4000C003C001E001FE00FE00E001C001C00330
:10BA5000C003C001E001E001E001E001E003C03FFC
:10BA6000003F000000000000000000000000000097
:10BA700000000000000000000000073FC77FE773E0
:10BA8000FFF17EF000000000000000000000000058
:10BA9000000000000000000068000004760054016F
:10BAA000F7FD000175191A0C6A231B1C1F20727404
:10BAB000433B4138393A6B6C376F06246D6E70002A
:10BAC000830000000008000000010018320005009B
:10BAD000000020410000D242295C0F3E9A99993E15
:10BAE0003333733F295C0F3E0000700000000024D8
:10BAF000000000020003000000650054FFEF00009A
:10BB0000FA80000B12820001030C30C30E8C8CE90A
:10BB100014D5400213710F8E3883F8833000F883F8
:10BB2000258EF8833000F883FFFFFFFF0FFEA9D6B4
:10BB3000240004001A8279A10000003CFFFF0000ED
:10BB40000010000038836FA2003E03304000000068
:10BB500002CAE3093E80000020000000000000004F
:10BB60004000000060000000000C0000000C186E97
:10BB7000000006920A16C0DFFFFF0256FD8CD37745
:10BB8000FFE1C496E0C5BEAA00000000FFFF0B2B3A
:10BB900000001657000003594000000000001DFA85
:10BBA00000026C1D000000003FFFDFEB003EB3B65B
:10BBB000000D227800002F3C00000000001942B563
:10BBC000000039A20000B365D90E9FC91DCF4C34C7
:10BBD00030000000500000003BB67AE8006400002E
:10BBE00000C8000000000000100000001000FA92E1
:10BBF0001000225E000D229F0001000000320000B4
:10BC0000FF46000063D400001000000004D60000CE
:10BC100004CC000004CC00000000107200000040C2
:10BC20000000000000000000000600020005000700
:10BC3000000000000064000000000000000000059B
:10BC4000000500640020000000000000000000006B
:10BC5000000040000000030000000032F8980000DF
:10BC6000FF650000830F0000FF9BFC000000000048
:10BC700000000000000000000000000000000000C4
:10BC800000000000000000000000000000000000B4
:10BC9000000000000000100040000000000000064E
:10BCA0000000B26A000200000001FB83006800008F
:10BCB00000D9FC007CF1FF8300000000006500005B
:10BCC000006403E800640028000000250000000074
:10BCD00016A000000000100000001000002F00005F
:10BCE000000001F40000100000280000FFFF458163
:10BCF000FFFFFA7200000000000000000044000591
:10BD00000005BAC6004778A200000001000000004C
:10BD100000000600000000140000254D002F706D8B
:10BD2000000005AE000C02D0000000000000000082
:10BD30000000000000000000001B000000000000E8
:10BD40000000000000000000006400000008000087
:10BD500000000000000000000000000000000000E3
:10BD600000000000000000000000000000000000D3
:10BD700000000000000000000000000000000000C3
:10BD800000000000000000000000000000000000B3
:10BD900000000000000000000000000000000000A3
:10BDA0000000000000000000001B00000000000078
:10BDB00000000000000E000E00000AC70004000092
:10BDC00000000032FFFFFF9C00000B2B0000000270
:10BDD0000000000100000064FFE50000000000001A
:10BDE0000000000000000000000000010000000052
:10BDF0000001000000000000000180000001800040
:10BE000000018000002426D3000000000000000094
:10BE1000000600100096003C00000000000000003A
:10BE200000000000000000000C0A4E68CDCF77092A
:10BE300050166759C619CE820000000000000000AD
:10BE400000000000000000000000000000000000F2
:10BE500017D784000300000000000000000000006D
:10BE6000C7938F9D1E1B1C190000000000000000DE
:10BE700000000000000000000000000000000000C2
:10BE800002031885000040000000000300000003CA
:10BE90000000000000000000400000000000000062
:10BEA0000000000000000000000000000000000092
:10BEB0000000000000000000000000000000000082
:10BEC000000000000000000000000000677DDF7E31
:10BED00072902E554CF6E68800000000000000002D
:10BEE0000000000000000000D8DCB4B8B0D8B9AB46
:10BEF000F3F8FAB3B7BB8E9EAEF132F51BF1B4B8CE
:10BF0000B08097F1A9DFDFDFAADFDFDFF2AAC5CDBE
:10BF1000C7A90CC92C97F1A989264666B28999A9A7
:10BF20002D557DB0B08AA896365676F1BAA3B4B234
:10BF300080C0B8A89711B28398BAA3F0240844101F
:10BF40006418B2B9B49883F1A329557DBAB5B1A3E9
:10BF50008393F0002850F5B2B6AA839328547CF15D
:10BF6000B9A3829361BAA2DADEDFDB819AB9AEF5BA
:10BF7000606870F1DABAA2DFD9BAA2FAB9A38292E4
:10BF8000DB31BAA2D9BAA2F8DF85A4D0C1BBAD8398
:10BF9000C2C5C7B8A2DFDFDFBAA0DFDFDFD8D8F1C4
:10BFA000B8AAB38DB4980D355DB2B6BAAF8C9619F8
:10BFB0008F9FA70E161EB49AB8AA872C547CBAA4D9
:10BFC000B08AB691325676B28494A4C808CDD8B857
:10BFD000B4B0F19982A82D557D98A80E161EA22CFA
:10BFE000547C92A4F02C5078F184A898C4CDFCD84D
:10BFF0000DDBA8FC2DF3D9BAA6F8DABAA6DED8BABA
:10C00000B2B68696A6D0F3C841DAA6C8F8D8B0B4BE
:10C01000B882A892F52C548898F135D9F418D8F143
:10C02000A2D0F8F9A884D9C7DFF8F883C5DADF69A8
:10C03000DF83C1D8F40114F1A8824EA884F311D192
:10C0400082F5D992289788F109F41C1CD884A8F3AA
:10C05000C0F9D1D99782F129F40DD8F3F9F9D1D9E2
:10C0600082F4C203D8DEDF1AD8F1A2FAF9A88498C4
:10C07000D9C7DFF8F8F883C7DADF69DFF883C3D8F8
:10C08000F40114F198A8822EA884F311D182F5D975
:10C0900092509788F109F41CD884A8F3C0F8F9D11C
:10C0A000D99782F149F40DD8F3F9F9D1D982F4C4C2
:10C0B00003D8DEDFD8F1AD8898CCA809F9D98292EF
:10C0C000A8F57CF1883ACF944A6E98DB6931DAADF5
:10C0D000F2DEF9D88795A8F221D1DAA5F9F417D9BB
:10C0E000F1AE8ED0C0C3AE82C684C3A88595C8A564
:10C0F00088F2C0F1F4010EF18E9EA8C63E56F554AA
:10C10000F18872F40115F19845856EF58E9E0488CC
:10C11000F142985A8E9E068869F4011CF1981E110E
:10C1200008D0F504F11E970202983625DBF9D9856F
:10C13000A5F3C1DA85A5F3DFD88595A8F309DAA5BB
:10C14000FAD88292A8F578F1881A849F26889821D7
:10C15000DAF41DF3D8879F39D1AFD9DFDFFBF9F4CB
:10C160000CF3D8FAD0F8DAF9F9D0DFD9F9D8F40B12
:10C17000D8F3879F39D1AFD9DFDFF41DF3D8FAFCAC
:10C18000A869F9F9AFD0DADEFAD9F88F9FA8F1CC17
:10C19000F398DB45D9AFDFD0F8D8F18F9FA8CAF369
:10C1A0008809DAAF8FCBF8D8F2AD978D0CD9A5DF1F
:10C1B000F9BAA6F3FAF412F2D8950DD1D9BAA6F3CA
:10C1C000FADAA5F2C1BAA6F3DFD8F1BAB2B686960A
:10C1D000A6D0CAF349DAA6CBF8D8B0B4B8D8AD84A3
:10C1E000F2C0DFF18FCBC3A8B2B68696C8C1CBC36D
:10C1F000F3B0B48898A821DB718D9D71859521D904
:10C20000ADF2FAD88597A828D9F408D8F28D29DAA2
:10C21000F405D9F285A4C2F2D8A88D9401D1D9F43D
:10C2200011F2D88721D8F40AD8F28498A8C801D18D
:10C23000D9F411D8F3A4C8BBAFD0F2DEF8F8F8F8FF
:10C24000F8F8F8F8D8F1B8F6B5B9B08A95A3DE3C9D
:10C25000A3D9F8D85CA3D9F8D87CA3D9F8D8F8F931
:10C26000D1A5D9DFDAFAD8B18530F7D9DED8F830E0
:10C27000ADDADED8F2B48C99A32D557DA083DFDF33
:10C28000DFB591A0F629D9FBD8A0FC29D9FAD8A00E
:10C29000D051D9F8D8FC51D9F9D879D9FBD8A0D048
:10C2A000FC79D9FAD8A1F9F9F9F9F9A0DADFDFDFD9
:10C2B000D8A1F8F8F8F8F8ACDEF8ADDE8393AC2C32
:10C2C000547CF1A8DFDFDFF69D2CDAA0DFD9FADBA2
:10C2D0002DF8D8A850DAA0D0DED9D0F8F8F8DB5580
:10C2E000F8D8A878DAA0D0DFD9D0FAF8F8F8F8DBD7
:10C2F0007DF8D89CA88CF530DB38D9D0DEDFA0D013
:10C30000DEDFD8A848DB58D9DFD0DEA0DFD0DED80A
:10C31000A868DB70D9DFDFA0DFDFD8F1A888902C18
:10C32000547C98A8D05C38D1DAF2AE8CDFF9D8B062
:10C3300087A8C1C1B188A8C6F9F9DA36D8A8F9DA50
:10C3400036D8A8F9DA36D8A8F9DA36D8A8F9DA361C
:10C35000D8F78D9DADF818DAF2AEDFD8F7ADFA3028
:10C36000D9A4DEF9D8F2AEDEFAF983A7D9C3C5C7DE
:10C37000F1889BA77AADF7DEDFA4F8849408A7972D
:10C38000F300AEF29819A488C6A39488F632DFF2BF
:10C390008393DB09D9F2AADFD8D8AEF8F9D1DAF362
:10C3A000A4DEA7F1889B7AD8F38494AE19F9DAAAAF
:10C3B000F1DFD8A881C0C3C5C7A39283F628ADDE3C
:10C3C000D9F8D8A350ADD9F8D8A378ADD9F8D8F812
:10C3D000F9D1A1DADEC3C5C7D8A18194F818F2B0AB
:10C3E00089ACC3C5C7F1D8B8B4B09786A8319B064D
:10C3F0009907AB9728889BF00C201440B0B4B8F094
:10C40000A88A9A285078B79BA82951792470594452
:10C410006938644831F1BBAB88002C547CF0B38B95
:10C42000B8A804285078F1B088B49726A85998BBCA
:10C43000ABB38B02264666B0B8F08A9CA829517926
:10C440008B2951798A2470598B2058718A44693814
:10C450008B3940688A6448318B30496088F1AC0080
:10C460002C547CF08CA804285078F1889726A85981
:10C4700098AC8C02264666F0899CA82951792470D4
:10C4800059446938644831A98809205970AB11387A
:10C490004069A8193148608CA83C415C207C00F1BF
:10C4A00087981986A86E767EA999882D557DD8B172
:10C4B000B5B9A3DFDFDFAED0DFAAD0DEF2ABF8F98B
:10C4C000D9B087C4AAF1DFDFBBAFDFDFB9D8B1F1E4
:10C4D000A3978E60DFB084F2C8F8F9D9DED89385CF
:10C4E000F14AB183A308B5839A0810B79F10D8F119
:10C4F000B0BAAEB08AC2B2B68E9EF1FBD9F41DD8E6
:10C50000F9D90CF1D8F8F8AD61D9AEFBD8F40CF13B
:10C51000D8F8F8AD19D9AEFBDFD8F416F1D8F8ADDC
:10C520008D61D9F4F4ACF59C9C8DDF2BBAB6AEFAD4
:10C53000F8F40BD8F1AED0F8AD51DAAEFAF8F1D884
:10C54000B9B1B6A3839C08B9B1839AB5AAC0FD302E
:10C5500083B79F10B58B93F20202D1ABDADED8F12C
:10C56000B080BAABC0C3B284C1C3D8B1B9F38BA396
:10C5700091B609B4D9ABDEB0879CB9A3DDF1B38B1A
:10C580008B8B8B8BB087A3A3A3A3B28BB69BF2A399
:10C59000A3A3A3A3A3A3A3A3A3F1B087B59AA3F3D3
:10C5A0009BA3A3DCBAACDFB9A3A3A3A3A3A3A3A3B8
:10C5B000A3A3A3A3A3A3A3A3D8D8D8BBB3B7F1AA1B
:10C5C000F9DAFFD9809AAA28B48098A720B797876C
:10C5D000A86688F07951F1902C870CA78197629317
:10C5E000F071716085940129517990A5F1284C6C06
:10C5F000870C95188578A38390284C6C886CD8F3A9
:10C60000A28200F210A8921980A2F2D926D8F1884D
:10C61000A84DD948D896A83980D93CD89580A83952
:10C62000A68698D92CDA87A72CD8A8899519A9802D
:10C63000D938D8A88939A980DA3CD8A82EA8399049
:10C64000D90CD8A8953198D90CD8A809D9FFD80108
:10C65000DAFFD89539A9DA26FFD890A80D8999A8CC
:10C6600010809821DA2ED88999A83180DA2ED8A89E
:10C6700086963180DA2ED8A8873180DA2ED8A88223
:10C6800092F34180F1D92ED8A882F31980F1D92EE6
:10C69000D882ACF3C0A28022F1A62EA72EA92298A0
:10C6A000A829DAACDEFFD8A2F22AF1A92E8292A83C
:10C6B000F23180A696F1D900AC8C9C0C30ACDED067
:10C6C000DEFFD88C9CACD010ACDE8092A2F24C8203
:10C6D000A8F1CAF235F19688A6D900D8F1FF00007A
:10C6E0000000803F00000000000000000000803FCC
:10C6F0000000803F0AD7A3BB000000000000803F7D
:10C700000AD7A33B000000000000803F00000000AB
:10C71000FFE6DB2E0000000000000000FFE6DB2E3D
:10C7200017B7D1380000803F000000000AD7A3BB34
:10C730000000803F0000803F000000000000803FBC
:10C7400000000000000000000000803F0000803F6B
:10C750000AD7A3BB000000000000803F0AD7A33B1C
:10C76000000000000000803F00000000FFE6DB2E1C
:10C770000000000000000000FFE6DB2E17B7D138F4
:10C780000000803F000000000AD7A3BB0000803FEC
:10C790000000803F00000000555555555555C53FD8
:10C7A0007D6FEB0312D6D4BF5544880E55C1C93FE7
:10C7B0003B8F68B52882A4BF88B20175E0EF493F7E
:10C7C00009F7FD0DE13D023F4B2D8A1C273A03C0BE
:10C7D000C88A599CE52A004059018D1B6C06E6BFAA
:10C7E00082922EB1C5B8B33F4FBB610567ACDD3F48
:10C7F000182D4454FB21E93F9BF681D20B73EF3F88
:10C80000182D4454FB21F93FE2652F227F2B7A3CFF
:10C81000075C143326A6813CBDCBF07A8807703CB8
:10C82000075C143326A6913CC4EB98999999C9BF2B
:10C83000711623FEC671BCBF6D9A74AFF2B0B3BF60
:10C840009AFDDE522DDEADBF2F6C6A2C44B4A2BF20
:10C850000D5555555555D53FFF8300922449C23F8C
:10C860006E204CC5CD45B73F513DD0A0660DB13FC0
:10C87000EB0D76244B7BA93F11DA22E33AAD903FD2
:10C880000000000000000000DDDDDDDDDCBBBBDD05
:10C89000DDDDDDDDDDDDDDDD988888888888888860
:10C8A0007777777777888888855555566666666680
:10C8B000666666666668888883333332222222225F
:10C8C000222222222228888D50726F647563742080
:10C8D00049442072656164206173203020696E6470
:10C8E0006963617465732064657669636520697343
:10C8F0002065697468657220696E636F6D7061741C
:10C9000069626C65206F7220616E204D5055333026
:10C9100035302E0D0A00000038C900080000002044
:10C92000D802000094100008E0C90008D8020020D6
:10C93000F80700005C580008022B0242017CA24A62
:10C9400004106808020304060708090C6910052290
:10C9500002040608C3803F5AFF043964F123070A22
:10C9600013849224080B1213F0992408101A134C04
:10C97000A7E96409123B0125A815903178C27AA570
:10C9800092C219BBB4C30F9C0FC27FFB7C41044110
:10C99000654DF30E3D231645C440410224601F46F9
:10C9A000139C421BC0DA1C230C421BAF44AA19384B
:10C9B0001AC8042908012F043824415032C813A48E
:10C9C000BA1B08980401201AC024052E0AD7A33BDD
:10C9D0000B14803F0C094A400926640918280000FE
:0400000508000131BD
:00000001FF
